[0.120s] DEBUG:colcon:Command line arguments: ['/usr/bin/colcon', 'build']
[0.120s] DEBUG:colcon:Parsed command line arguments: Namespace(log_base=None, log_level=None, verb_name='build', build_base='build', install_base='install', merge_install=False, symlink_install=False, test_result_base=None, continue_on_error=False, executor='parallel', parallel_workers=128, event_handlers=None, ignore_user_meta=False, metas=['./colcon.meta'], base_paths=['.'], packages_ignore=None, packages_ignore_regex=None, paths=None, packages_up_to=None, packages_up_to_regex=None, packages_above=None, packages_above_and_dependencies=None, packages_above_depth=None, packages_select_by_dep=None, packages_skip_by_dep=None, packages_skip_up_to=None, packages_select_build_failed=False, packages_skip_build_finished=False, packages_select_test_failures=False, packages_skip_test_passed=False, packages_select=None, packages_skip=None, packages_select_regex=None, packages_skip_regex=None, packages_start=None, packages_end=None, allow_overriding=[], cmake_args=None, cmake_target=None, cmake_target_skip_unavailable=False, cmake_clean_cache=False, cmake_clean_first=False, cmake_force_configure=False, ament_cmake_args=None, catkin_cmake_args=None, catkin_skip_building_tests=False, verb_parser=<colcon_defaults.argument_parser.defaults.DefaultArgumentsDecorator object at 0x7d68ab851570>, verb_extension=<colcon_core.verb.build.BuildVerb object at 0x7d68ab9529b0>, main=<bound method BuildVerb.main of <colcon_core.verb.build.BuildVerb object at 0x7d68ab9529b0>>)
[0.293s] Level 1:colcon.colcon_core.package_discovery:discover_packages(colcon_meta) check parameters
[0.293s] Level 1:colcon.colcon_core.package_discovery:discover_packages(recursive) check parameters
[0.293s] Level 1:colcon.colcon_core.package_discovery:discover_packages(ignore) check parameters
[0.294s] Level 1:colcon.colcon_core.package_discovery:discover_packages(path) check parameters
[0.294s] Level 1:colcon.colcon_core.package_discovery:discover_packages(colcon_meta) discover
[0.294s] Level 1:colcon.colcon_core.package_discovery:discover_packages(recursive) discover
[0.294s] INFO:colcon.colcon_core.package_discovery:Crawling recursively for packages in '/mnt/nas/projects/robot/pika_ros'
[0.294s] Level 1:colcon.colcon_core.package_identification:_identify(.) by extensions ['ignore', 'ignore_ament_install']
[0.294s] Level 1:colcon.colcon_core.package_identification:_identify(.) by extension 'ignore'
[0.294s] Level 1:colcon.colcon_core.package_identification:_identify(.) by extension 'ignore_ament_install'
[0.294s] Level 1:colcon.colcon_core.package_identification:_identify(.) by extensions ['colcon_pkg']
[0.294s] Level 1:colcon.colcon_core.package_identification:_identify(.) by extension 'colcon_pkg'
[0.294s] Level 1:colcon.colcon_core.package_identification:_identify(.) by extensions ['colcon_meta']
[0.294s] Level 1:colcon.colcon_core.package_identification:_identify(.) by extension 'colcon_meta'
[0.294s] Level 1:colcon.colcon_core.package_identification:_identify(.) by extensions ['ros']
[0.294s] Level 1:colcon.colcon_core.package_identification:_identify(.) by extension 'ros'
[0.305s] Level 1:colcon.colcon_core.package_identification:_identify(.) by extensions ['cmake', 'python']
[0.305s] Level 1:colcon.colcon_core.package_identification:_identify(.) by extension 'cmake'
[0.305s] Level 1:colcon.colcon_core.package_identification:_identify(.) by extension 'python'
[0.305s] Level 1:colcon.colcon_core.package_identification:_identify(.) by extensions ['python_setup_py']
[0.305s] Level 1:colcon.colcon_core.package_identification:_identify(.) by extension 'python_setup_py'
[0.305s] Level 1:colcon.colcon_core.package_identification:_identify(build) by extensions ['ignore', 'ignore_ament_install']
[0.306s] Level 1:colcon.colcon_core.package_identification:_identify(build) by extension 'ignore'
[0.306s] Level 1:colcon.colcon_core.package_identification:_identify(build) ignored
[0.306s] Level 1:colcon.colcon_core.package_identification:_identify(install) by extensions ['ignore', 'ignore_ament_install']
[0.306s] Level 1:colcon.colcon_core.package_identification:_identify(install) by extension 'ignore'
[0.306s] Level 1:colcon.colcon_core.package_identification:_identify(install) ignored
[0.306s] Level 1:colcon.colcon_core.package_identification:_identify(log) by extensions ['ignore', 'ignore_ament_install']
[0.306s] Level 1:colcon.colcon_core.package_identification:_identify(log) by extension 'ignore'
[0.306s] Level 1:colcon.colcon_core.package_identification:_identify(log) ignored
[0.306s] Level 1:colcon.colcon_core.package_identification:_identify(scripts) by extensions ['ignore', 'ignore_ament_install']
[0.307s] Level 1:colcon.colcon_core.package_identification:_identify(scripts) by extension 'ignore'
[0.307s] Level 1:colcon.colcon_core.package_identification:_identify(scripts) by extension 'ignore_ament_install'
[0.307s] Level 1:colcon.colcon_core.package_identification:_identify(scripts) by extensions ['colcon_pkg']
[0.307s] Level 1:colcon.colcon_core.package_identification:_identify(scripts) by extension 'colcon_pkg'
[0.307s] Level 1:colcon.colcon_core.package_identification:_identify(scripts) by extensions ['colcon_meta']
[0.307s] Level 1:colcon.colcon_core.package_identification:_identify(scripts) by extension 'colcon_meta'
[0.307s] Level 1:colcon.colcon_core.package_identification:_identify(scripts) by extensions ['ros']
[0.307s] Level 1:colcon.colcon_core.package_identification:_identify(scripts) by extension 'ros'
[0.307s] Level 1:colcon.colcon_core.package_identification:_identify(scripts) by extensions ['cmake', 'python']
[0.307s] Level 1:colcon.colcon_core.package_identification:_identify(scripts) by extension 'cmake'
[0.307s] Level 1:colcon.colcon_core.package_identification:_identify(scripts) by extension 'python'
[0.307s] Level 1:colcon.colcon_core.package_identification:_identify(scripts) by extensions ['python_setup_py']
[0.307s] Level 1:colcon.colcon_core.package_identification:_identify(scripts) by extension 'python_setup_py'
[0.307s] Level 1:colcon.colcon_core.package_identification:_identify(source) by extensions ['ignore', 'ignore_ament_install']
[0.307s] Level 1:colcon.colcon_core.package_identification:_identify(source) by extension 'ignore'
[0.307s] Level 1:colcon.colcon_core.package_identification:_identify(source) by extension 'ignore_ament_install'
[0.307s] Level 1:colcon.colcon_core.package_identification:_identify(source) by extensions ['colcon_pkg']
[0.307s] Level 1:colcon.colcon_core.package_identification:_identify(source) by extension 'colcon_pkg'
[0.307s] Level 1:colcon.colcon_core.package_identification:_identify(source) by extensions ['colcon_meta']
[0.307s] Level 1:colcon.colcon_core.package_identification:_identify(source) by extension 'colcon_meta'
[0.307s] Level 1:colcon.colcon_core.package_identification:_identify(source) by extensions ['ros']
[0.307s] Level 1:colcon.colcon_core.package_identification:_identify(source) by extension 'ros'
[0.307s] Level 1:colcon.colcon_core.package_identification:_identify(source) by extensions ['cmake', 'python']
[0.307s] Level 1:colcon.colcon_core.package_identification:_identify(source) by extension 'cmake'
[0.307s] Level 1:colcon.colcon_core.package_identification:_identify(source) by extension 'python'
[0.307s] Level 1:colcon.colcon_core.package_identification:_identify(source) by extensions ['python_setup_py']
[0.307s] Level 1:colcon.colcon_core.package_identification:_identify(source) by extension 'python_setup_py'
[0.308s] Level 1:colcon.colcon_core.package_identification:_identify(src) by extensions ['ignore', 'ignore_ament_install']
[0.308s] Level 1:colcon.colcon_core.package_identification:_identify(src) by extension 'ignore'
[0.308s] Level 1:colcon.colcon_core.package_identification:_identify(src) by extension 'ignore_ament_install'
[0.308s] Level 1:colcon.colcon_core.package_identification:_identify(src) by extensions ['colcon_pkg']
[0.308s] Level 1:colcon.colcon_core.package_identification:_identify(src) by extension 'colcon_pkg'
[0.308s] Level 1:colcon.colcon_core.package_identification:_identify(src) by extensions ['colcon_meta']
[0.308s] Level 1:colcon.colcon_core.package_identification:_identify(src) by extension 'colcon_meta'
[0.308s] Level 1:colcon.colcon_core.package_identification:_identify(src) by extensions ['ros']
[0.308s] Level 1:colcon.colcon_core.package_identification:_identify(src) by extension 'ros'
[0.308s] Level 1:colcon.colcon_core.package_identification:_identify(src) by extensions ['cmake', 'python']
[0.308s] Level 1:colcon.colcon_core.package_identification:_identify(src) by extension 'cmake'
[0.308s] Level 1:colcon.colcon_core.package_identification:_identify(src) by extension 'python'
[0.308s] Level 1:colcon.colcon_core.package_identification:_identify(src) by extensions ['python_setup_py']
[0.308s] Level 1:colcon.colcon_core.package_identification:_identify(src) by extension 'python_setup_py'
[0.308s] Level 1:colcon.colcon_core.package_identification:_identify(src/PikaAnyArm) by extensions ['ignore', 'ignore_ament_install']
[0.308s] Level 1:colcon.colcon_core.package_identification:_identify(src/PikaAnyArm) by extension 'ignore'
[0.308s] Level 1:colcon.colcon_core.package_identification:_identify(src/PikaAnyArm) by extension 'ignore_ament_install'
[0.308s] Level 1:colcon.colcon_core.package_identification:_identify(src/PikaAnyArm) by extensions ['colcon_pkg']
[0.308s] Level 1:colcon.colcon_core.package_identification:_identify(src/PikaAnyArm) by extension 'colcon_pkg'
[0.308s] Level 1:colcon.colcon_core.package_identification:_identify(src/PikaAnyArm) by extensions ['colcon_meta']
[0.308s] Level 1:colcon.colcon_core.package_identification:_identify(src/PikaAnyArm) by extension 'colcon_meta'
[0.308s] Level 1:colcon.colcon_core.package_identification:_identify(src/PikaAnyArm) by extensions ['ros']
[0.308s] Level 1:colcon.colcon_core.package_identification:_identify(src/PikaAnyArm) by extension 'ros'
[0.309s] Level 1:colcon.colcon_core.package_identification:_identify(src/PikaAnyArm) by extensions ['cmake', 'python']
[0.309s] Level 1:colcon.colcon_core.package_identification:_identify(src/PikaAnyArm) by extension 'cmake'
[0.309s] Level 1:colcon.colcon_core.package_identification:_identify(src/PikaAnyArm) by extension 'python'
[0.309s] Level 1:colcon.colcon_core.package_identification:_identify(src/PikaAnyArm) by extensions ['python_setup_py']
[0.309s] Level 1:colcon.colcon_core.package_identification:_identify(src/PikaAnyArm) by extension 'python_setup_py'
[0.309s] Level 1:colcon.colcon_core.package_identification:_identify(src/PikaAnyArm/diana) by extensions ['ignore', 'ignore_ament_install']
[0.309s] Level 1:colcon.colcon_core.package_identification:_identify(src/PikaAnyArm/diana) by extension 'ignore'
[0.309s] Level 1:colcon.colcon_core.package_identification:_identify(src/PikaAnyArm/diana) by extension 'ignore_ament_install'
[0.309s] Level 1:colcon.colcon_core.package_identification:_identify(src/PikaAnyArm/diana) by extensions ['colcon_pkg']
[0.309s] Level 1:colcon.colcon_core.package_identification:_identify(src/PikaAnyArm/diana) by extension 'colcon_pkg'
[0.309s] Level 1:colcon.colcon_core.package_identification:_identify(src/PikaAnyArm/diana) by extensions ['colcon_meta']
[0.309s] Level 1:colcon.colcon_core.package_identification:_identify(src/PikaAnyArm/diana) by extension 'colcon_meta'
[0.309s] Level 1:colcon.colcon_core.package_identification:_identify(src/PikaAnyArm/diana) by extensions ['ros']
[0.309s] Level 1:colcon.colcon_core.package_identification:_identify(src/PikaAnyArm/diana) by extension 'ros'
[0.309s] Level 1:colcon.colcon_core.package_identification:_identify(src/PikaAnyArm/diana) by extensions ['cmake', 'python']
[0.309s] Level 1:colcon.colcon_core.package_identification:_identify(src/PikaAnyArm/diana) by extension 'cmake'
[0.309s] Level 1:colcon.colcon_core.package_identification:_identify(src/PikaAnyArm/diana) by extension 'python'
[0.309s] Level 1:colcon.colcon_core.package_identification:_identify(src/PikaAnyArm/diana) by extensions ['python_setup_py']
[0.309s] Level 1:colcon.colcon_core.package_identification:_identify(src/PikaAnyArm/diana) by extension 'python_setup_py'
[0.309s] Level 1:colcon.colcon_core.package_identification:_identify(src/PikaAnyArm/diana/diana_sdk) by extensions ['ignore', 'ignore_ament_install']
[0.309s] Level 1:colcon.colcon_core.package_identification:_identify(src/PikaAnyArm/diana/diana_sdk) by extension 'ignore'
[0.309s] Level 1:colcon.colcon_core.package_identification:_identify(src/PikaAnyArm/diana/diana_sdk) by extension 'ignore_ament_install'
[0.310s] Level 1:colcon.colcon_core.package_identification:_identify(src/PikaAnyArm/diana/diana_sdk) by extensions ['colcon_pkg']
[0.310s] Level 1:colcon.colcon_core.package_identification:_identify(src/PikaAnyArm/diana/diana_sdk) by extension 'colcon_pkg'
[0.310s] Level 1:colcon.colcon_core.package_identification:_identify(src/PikaAnyArm/diana/diana_sdk) by extensions ['colcon_meta']
[0.310s] Level 1:colcon.colcon_core.package_identification:_identify(src/PikaAnyArm/diana/diana_sdk) by extension 'colcon_meta'
[0.310s] Level 1:colcon.colcon_core.package_identification:_identify(src/PikaAnyArm/diana/diana_sdk) by extensions ['ros']
[0.310s] Level 1:colcon.colcon_core.package_identification:_identify(src/PikaAnyArm/diana/diana_sdk) by extension 'ros'
[0.310s] Level 1:colcon.colcon_core.package_identification:_identify(src/PikaAnyArm/diana/diana_sdk) by extensions ['cmake', 'python']
[0.310s] Level 1:colcon.colcon_core.package_identification:_identify(src/PikaAnyArm/diana/diana_sdk) by extension 'cmake'
[0.310s] Level 1:colcon.colcon_core.package_identification:_identify(src/PikaAnyArm/diana/diana_sdk) by extension 'python'
[0.310s] Level 1:colcon.colcon_core.package_identification:_identify(src/PikaAnyArm/diana/diana_sdk) by extensions ['python_setup_py']
[0.310s] Level 1:colcon.colcon_core.package_identification:_identify(src/PikaAnyArm/diana/diana_sdk) by extension 'python_setup_py'
[0.519s] DEBUG:colcon.colcon_core.package_identification:Package 'src/PikaAnyArm/diana/diana_sdk' with type 'python' and name 'diana_robot'
[0.520s] Level 1:colcon.colcon_core.package_identification:_identify(src/PikaAnyArm/diana/pika_remote_diana) by extensions ['ignore', 'ignore_ament_install']
[0.520s] Level 1:colcon.colcon_core.package_identification:_identify(src/PikaAnyArm/diana/pika_remote_diana) by extension 'ignore'
[0.520s] Level 1:colcon.colcon_core.package_identification:_identify(src/PikaAnyArm/diana/pika_remote_diana) by extension 'ignore_ament_install'
[0.520s] Level 1:colcon.colcon_core.package_identification:_identify(src/PikaAnyArm/diana/pika_remote_diana) by extensions ['colcon_pkg']
[0.520s] Level 1:colcon.colcon_core.package_identification:_identify(src/PikaAnyArm/diana/pika_remote_diana) by extension 'colcon_pkg'
[0.520s] Level 1:colcon.colcon_core.package_identification:_identify(src/PikaAnyArm/diana/pika_remote_diana) by extensions ['colcon_meta']
[0.521s] Level 1:colcon.colcon_core.package_identification:_identify(src/PikaAnyArm/diana/pika_remote_diana) by extension 'colcon_meta'
[0.521s] Level 1:colcon.colcon_core.package_identification:_identify(src/PikaAnyArm/diana/pika_remote_diana) by extensions ['ros']
[0.521s] Level 1:colcon.colcon_core.package_identification:_identify(src/PikaAnyArm/diana/pika_remote_diana) by extension 'ros'
[0.524s] DEBUG:colcon.colcon_core.package_identification:Package 'src/PikaAnyArm/diana/pika_remote_diana' with type 'ros.ament_python' and name 'pika_remote_diana'
[0.524s] Level 1:colcon.colcon_core.package_identification:_identify(src/data_msgs) by extensions ['ignore', 'ignore_ament_install']
[0.524s] Level 1:colcon.colcon_core.package_identification:_identify(src/data_msgs) by extension 'ignore'
[0.524s] Level 1:colcon.colcon_core.package_identification:_identify(src/data_msgs) by extension 'ignore_ament_install'
[0.524s] Level 1:colcon.colcon_core.package_identification:_identify(src/data_msgs) by extensions ['colcon_pkg']
[0.525s] Level 1:colcon.colcon_core.package_identification:_identify(src/data_msgs) by extension 'colcon_pkg'
[0.525s] Level 1:colcon.colcon_core.package_identification:_identify(src/data_msgs) by extensions ['colcon_meta']
[0.525s] Level 1:colcon.colcon_core.package_identification:_identify(src/data_msgs) by extension 'colcon_meta'
[0.525s] Level 1:colcon.colcon_core.package_identification:_identify(src/data_msgs) by extensions ['ros']
[0.525s] Level 1:colcon.colcon_core.package_identification:_identify(src/data_msgs) by extension 'ros'
[0.526s] DEBUG:colcon.colcon_core.package_identification:Package 'src/data_msgs' with type 'ros.ament_cmake' and name 'data_msgs'
[0.526s] Level 1:colcon.colcon_core.package_identification:_identify(src/data_tools) by extensions ['ignore', 'ignore_ament_install']
[0.526s] Level 1:colcon.colcon_core.package_identification:_identify(src/data_tools) by extension 'ignore'
[0.526s] Level 1:colcon.colcon_core.package_identification:_identify(src/data_tools) by extension 'ignore_ament_install'
[0.526s] Level 1:colcon.colcon_core.package_identification:_identify(src/data_tools) by extensions ['colcon_pkg']
[0.526s] Level 1:colcon.colcon_core.package_identification:_identify(src/data_tools) by extension 'colcon_pkg'
[0.526s] Level 1:colcon.colcon_core.package_identification:_identify(src/data_tools) by extensions ['colcon_meta']
[0.527s] Level 1:colcon.colcon_core.package_identification:_identify(src/data_tools) by extension 'colcon_meta'
[0.527s] Level 1:colcon.colcon_core.package_identification:_identify(src/data_tools) by extensions ['ros']
[0.527s] Level 1:colcon.colcon_core.package_identification:_identify(src/data_tools) by extension 'ros'
[0.528s] DEBUG:colcon.colcon_core.package_identification:Package 'src/data_tools' with type 'ros.ament_cmake' and name 'data_tools'
[0.528s] Level 1:colcon.colcon_core.package_identification:_identify(src/realsense-ros) by extensions ['ignore', 'ignore_ament_install']
[0.528s] Level 1:colcon.colcon_core.package_identification:_identify(src/realsense-ros) by extension 'ignore'
[0.528s] Level 1:colcon.colcon_core.package_identification:_identify(src/realsense-ros) by extension 'ignore_ament_install'
[0.528s] Level 1:colcon.colcon_core.package_identification:_identify(src/realsense-ros) by extensions ['colcon_pkg']
[0.528s] Level 1:colcon.colcon_core.package_identification:_identify(src/realsense-ros) by extension 'colcon_pkg'
[0.528s] Level 1:colcon.colcon_core.package_identification:_identify(src/realsense-ros) by extensions ['colcon_meta']
[0.528s] Level 1:colcon.colcon_core.package_identification:_identify(src/realsense-ros) by extension 'colcon_meta'
[0.528s] Level 1:colcon.colcon_core.package_identification:_identify(src/realsense-ros) by extensions ['ros']
[0.528s] Level 1:colcon.colcon_core.package_identification:_identify(src/realsense-ros) by extension 'ros'
[0.528s] Level 1:colcon.colcon_core.package_identification:_identify(src/realsense-ros) by extensions ['cmake', 'python']
[0.528s] Level 1:colcon.colcon_core.package_identification:_identify(src/realsense-ros) by extension 'cmake'
[0.528s] Level 1:colcon.colcon_core.package_identification:_identify(src/realsense-ros) by extension 'python'
[0.529s] Level 1:colcon.colcon_core.package_identification:_identify(src/realsense-ros) by extensions ['python_setup_py']
[0.529s] Level 1:colcon.colcon_core.package_identification:_identify(src/realsense-ros) by extension 'python_setup_py'
[0.529s] Level 1:colcon.colcon_core.package_identification:_identify(src/realsense-ros/realsense2_camera) by extensions ['ignore', 'ignore_ament_install']
[0.529s] Level 1:colcon.colcon_core.package_identification:_identify(src/realsense-ros/realsense2_camera) by extension 'ignore'
[0.529s] Level 1:colcon.colcon_core.package_identification:_identify(src/realsense-ros/realsense2_camera) by extension 'ignore_ament_install'
[0.529s] Level 1:colcon.colcon_core.package_identification:_identify(src/realsense-ros/realsense2_camera) by extensions ['colcon_pkg']
[0.529s] Level 1:colcon.colcon_core.package_identification:_identify(src/realsense-ros/realsense2_camera) by extension 'colcon_pkg'
[0.529s] Level 1:colcon.colcon_core.package_identification:_identify(src/realsense-ros/realsense2_camera) by extensions ['colcon_meta']
[0.529s] Level 1:colcon.colcon_core.package_identification:_identify(src/realsense-ros/realsense2_camera) by extension 'colcon_meta'
[0.529s] Level 1:colcon.colcon_core.package_identification:_identify(src/realsense-ros/realsense2_camera) by extensions ['ros']
[0.529s] Level 1:colcon.colcon_core.package_identification:_identify(src/realsense-ros/realsense2_camera) by extension 'ros'
[0.535s] DEBUG:colcon.colcon_core.package_identification:Package 'src/realsense-ros/realsense2_camera' with type 'ros.ament_cmake' and name 'realsense2_camera'
[0.536s] Level 1:colcon.colcon_core.package_identification:_identify(src/realsense-ros/realsense2_camera_msgs) by extensions ['ignore', 'ignore_ament_install']
[0.536s] Level 1:colcon.colcon_core.package_identification:_identify(src/realsense-ros/realsense2_camera_msgs) by extension 'ignore'
[0.536s] Level 1:colcon.colcon_core.package_identification:_identify(src/realsense-ros/realsense2_camera_msgs) by extension 'ignore_ament_install'
[0.536s] Level 1:colcon.colcon_core.package_identification:_identify(src/realsense-ros/realsense2_camera_msgs) by extensions ['colcon_pkg']
[0.536s] Level 1:colcon.colcon_core.package_identification:_identify(src/realsense-ros/realsense2_camera_msgs) by extension 'colcon_pkg'
[0.536s] Level 1:colcon.colcon_core.package_identification:_identify(src/realsense-ros/realsense2_camera_msgs) by extensions ['colcon_meta']
[0.536s] Level 1:colcon.colcon_core.package_identification:_identify(src/realsense-ros/realsense2_camera_msgs) by extension 'colcon_meta'
[0.536s] Level 1:colcon.colcon_core.package_identification:_identify(src/realsense-ros/realsense2_camera_msgs) by extensions ['ros']
[0.536s] Level 1:colcon.colcon_core.package_identification:_identify(src/realsense-ros/realsense2_camera_msgs) by extension 'ros'
[0.537s] DEBUG:colcon.colcon_core.package_identification:Package 'src/realsense-ros/realsense2_camera_msgs' with type 'ros.ament_cmake' and name 'realsense2_camera_msgs'
[0.537s] Level 1:colcon.colcon_core.package_identification:_identify(src/realsense-ros/realsense2_description) by extensions ['ignore', 'ignore_ament_install']
[0.537s] Level 1:colcon.colcon_core.package_identification:_identify(src/realsense-ros/realsense2_description) by extension 'ignore'
[0.537s] Level 1:colcon.colcon_core.package_identification:_identify(src/realsense-ros/realsense2_description) by extension 'ignore_ament_install'
[0.537s] Level 1:colcon.colcon_core.package_identification:_identify(src/realsense-ros/realsense2_description) by extensions ['colcon_pkg']
[0.537s] Level 1:colcon.colcon_core.package_identification:_identify(src/realsense-ros/realsense2_description) by extension 'colcon_pkg'
[0.538s] Level 1:colcon.colcon_core.package_identification:_identify(src/realsense-ros/realsense2_description) by extensions ['colcon_meta']
[0.538s] Level 1:colcon.colcon_core.package_identification:_identify(src/realsense-ros/realsense2_description) by extension 'colcon_meta'
[0.538s] Level 1:colcon.colcon_core.package_identification:_identify(src/realsense-ros/realsense2_description) by extensions ['ros']
[0.538s] Level 1:colcon.colcon_core.package_identification:_identify(src/realsense-ros/realsense2_description) by extension 'ros'
[0.539s] DEBUG:colcon.colcon_core.package_identification:Package 'src/realsense-ros/realsense2_description' with type 'ros.ament_cmake' and name 'realsense2_description'
[0.539s] Level 1:colcon.colcon_core.package_identification:_identify(src/realsense-ros/scripts) by extensions ['ignore', 'ignore_ament_install']
[0.539s] Level 1:colcon.colcon_core.package_identification:_identify(src/realsense-ros/scripts) by extension 'ignore'
[0.539s] Level 1:colcon.colcon_core.package_identification:_identify(src/realsense-ros/scripts) by extension 'ignore_ament_install'
[0.539s] Level 1:colcon.colcon_core.package_identification:_identify(src/realsense-ros/scripts) by extensions ['colcon_pkg']
[0.539s] Level 1:colcon.colcon_core.package_identification:_identify(src/realsense-ros/scripts) by extension 'colcon_pkg'
[0.539s] Level 1:colcon.colcon_core.package_identification:_identify(src/realsense-ros/scripts) by extensions ['colcon_meta']
[0.539s] Level 1:colcon.colcon_core.package_identification:_identify(src/realsense-ros/scripts) by extension 'colcon_meta'
[0.539s] Level 1:colcon.colcon_core.package_identification:_identify(src/realsense-ros/scripts) by extensions ['ros']
[0.539s] Level 1:colcon.colcon_core.package_identification:_identify(src/realsense-ros/scripts) by extension 'ros'
[0.539s] Level 1:colcon.colcon_core.package_identification:_identify(src/realsense-ros/scripts) by extensions ['cmake', 'python']
[0.539s] Level 1:colcon.colcon_core.package_identification:_identify(src/realsense-ros/scripts) by extension 'cmake'
[0.539s] Level 1:colcon.colcon_core.package_identification:_identify(src/realsense-ros/scripts) by extension 'python'
[0.539s] Level 1:colcon.colcon_core.package_identification:_identify(src/realsense-ros/scripts) by extensions ['python_setup_py']
[0.539s] Level 1:colcon.colcon_core.package_identification:_identify(src/realsense-ros/scripts) by extension 'python_setup_py'
[0.540s] Level 1:colcon.colcon_core.package_identification:_identify(src/sensor_tools) by extensions ['ignore', 'ignore_ament_install']
[0.540s] Level 1:colcon.colcon_core.package_identification:_identify(src/sensor_tools) by extension 'ignore'
[0.540s] Level 1:colcon.colcon_core.package_identification:_identify(src/sensor_tools) by extension 'ignore_ament_install'
[0.540s] Level 1:colcon.colcon_core.package_identification:_identify(src/sensor_tools) by extensions ['colcon_pkg']
[0.540s] Level 1:colcon.colcon_core.package_identification:_identify(src/sensor_tools) by extension 'colcon_pkg'
[0.540s] Level 1:colcon.colcon_core.package_identification:_identify(src/sensor_tools) by extensions ['colcon_meta']
[0.540s] Level 1:colcon.colcon_core.package_identification:_identify(src/sensor_tools) by extension 'colcon_meta'
[0.540s] Level 1:colcon.colcon_core.package_identification:_identify(src/sensor_tools) by extensions ['ros']
[0.540s] Level 1:colcon.colcon_core.package_identification:_identify(src/sensor_tools) by extension 'ros'
[0.542s] DEBUG:colcon.colcon_core.package_identification:Package 'src/sensor_tools' with type 'ros.ament_cmake' and name 'sensor_tools'
[0.542s] Level 1:colcon.colcon_core.package_discovery:discover_packages(recursive) using defaults
[0.542s] Level 1:colcon.colcon_core.package_discovery:discover_packages(ignore) discover
[0.542s] Level 1:colcon.colcon_core.package_discovery:discover_packages(ignore) using defaults
[0.542s] Level 1:colcon.colcon_core.package_discovery:discover_packages(path) discover
[0.542s] Level 1:colcon.colcon_core.package_discovery:discover_packages(path) using defaults
[0.577s] Level 1:colcon.colcon_core.package_discovery:discover_packages(prefix_path) check parameters
[0.577s] Level 1:colcon.colcon_core.package_discovery:discover_packages(prefix_path) discover
[0.578s] WARNING:colcon.colcon_ros.prefix_path.ament:The path '/mnt/nas/projects/robot/pika_ros/install/pika_remote_diana' in the environment variable AMENT_PREFIX_PATH doesn't exist
[0.588s] DEBUG:colcon.colcon_installed_package_information.package_discovery:Found 12 installed packages in /mnt/nas/projects/robot/pika_ros/install
[0.589s] DEBUG:colcon.colcon_installed_package_information.package_discovery:Found 272 installed packages in /opt/ros/humble
[0.591s] Level 1:colcon.colcon_core.package_discovery:discover_packages(prefix_path) using defaults
[0.630s] WARNING:colcon.colcon_core.package_selection:Some selected packages are already built in one or more underlay workspaces:
	'data_msgs' is in: /mnt/nas/projects/robot/pika_ros/install/data_msgs
If a package in a merged underlay workspace is overridden and it installs headers, then all packages in the overlay must sort their include directories by workspace order. Failure to do so may result in build failures or undefined behavior at run time.
If the overridden package is used by another package in any underlay, then the overriding package in the overlay must be API and ABI compatible or undefined behavior at run time may occur.

If you understand the risks and want to override a package anyways, add the following to the command line:
	--allow-overriding data_msgs

This may be promoted to an error in a future release of colcon-override-check.
[0.631s] Level 5:colcon.colcon_core.verb:set package 'data_msgs' build argument 'cmake_args' from command line to 'None'
[0.631s] Level 5:colcon.colcon_core.verb:set package 'data_msgs' build argument 'cmake_target' from command line to 'None'
[0.631s] Level 5:colcon.colcon_core.verb:set package 'data_msgs' build argument 'cmake_target_skip_unavailable' from command line to 'False'
[0.631s] Level 5:colcon.colcon_core.verb:set package 'data_msgs' build argument 'cmake_clean_cache' from command line to 'False'
[0.631s] Level 5:colcon.colcon_core.verb:set package 'data_msgs' build argument 'cmake_clean_first' from command line to 'False'
[0.631s] Level 5:colcon.colcon_core.verb:set package 'data_msgs' build argument 'cmake_force_configure' from command line to 'False'
[0.631s] Level 5:colcon.colcon_core.verb:set package 'data_msgs' build argument 'ament_cmake_args' from command line to 'None'
[0.631s] Level 5:colcon.colcon_core.verb:set package 'data_msgs' build argument 'catkin_cmake_args' from command line to 'None'
[0.631s] Level 5:colcon.colcon_core.verb:set package 'data_msgs' build argument 'catkin_skip_building_tests' from command line to 'False'
[0.631s] DEBUG:colcon.colcon_core.verb:Building package 'data_msgs' with the following arguments: {'ament_cmake_args': None, 'build_base': '/mnt/nas/projects/robot/pika_ros/build/data_msgs', 'catkin_cmake_args': None, 'catkin_skip_building_tests': False, 'cmake_args': None, 'cmake_clean_cache': False, 'cmake_clean_first': False, 'cmake_force_configure': False, 'cmake_target': None, 'cmake_target_skip_unavailable': False, 'install_base': '/mnt/nas/projects/robot/pika_ros/install/data_msgs', 'merge_install': False, 'path': '/mnt/nas/projects/robot/pika_ros/src/data_msgs', 'symlink_install': False, 'test_result_base': None}
[0.631s] Level 5:colcon.colcon_core.verb:set package 'data_tools' build argument 'cmake_args' from command line to 'None'
[0.631s] Level 5:colcon.colcon_core.verb:set package 'data_tools' build argument 'cmake_target' from command line to 'None'
[0.631s] Level 5:colcon.colcon_core.verb:set package 'data_tools' build argument 'cmake_target_skip_unavailable' from command line to 'False'
[0.631s] Level 5:colcon.colcon_core.verb:set package 'data_tools' build argument 'cmake_clean_cache' from command line to 'False'
[0.631s] Level 5:colcon.colcon_core.verb:set package 'data_tools' build argument 'cmake_clean_first' from command line to 'False'
[0.631s] Level 5:colcon.colcon_core.verb:set package 'data_tools' build argument 'cmake_force_configure' from command line to 'False'
[0.632s] Level 5:colcon.colcon_core.verb:set package 'data_tools' build argument 'ament_cmake_args' from command line to 'None'
[0.632s] Level 5:colcon.colcon_core.verb:set package 'data_tools' build argument 'catkin_cmake_args' from command line to 'None'
[0.632s] Level 5:colcon.colcon_core.verb:set package 'data_tools' build argument 'catkin_skip_building_tests' from command line to 'False'
[0.632s] DEBUG:colcon.colcon_core.verb:Building package 'data_tools' with the following arguments: {'ament_cmake_args': None, 'build_base': '/mnt/nas/projects/robot/pika_ros/build/data_tools', 'catkin_cmake_args': None, 'catkin_skip_building_tests': False, 'cmake_args': None, 'cmake_clean_cache': False, 'cmake_clean_first': False, 'cmake_force_configure': False, 'cmake_target': None, 'cmake_target_skip_unavailable': False, 'install_base': '/mnt/nas/projects/robot/pika_ros/install/data_tools', 'merge_install': False, 'path': '/mnt/nas/projects/robot/pika_ros/src/data_tools', 'symlink_install': False, 'test_result_base': None}
[0.632s] Level 5:colcon.colcon_core.verb:set package 'diana_robot' build argument 'cmake_args' from command line to 'None'
[0.632s] Level 5:colcon.colcon_core.verb:set package 'diana_robot' build argument 'cmake_target' from command line to 'None'
[0.632s] Level 5:colcon.colcon_core.verb:set package 'diana_robot' build argument 'cmake_target_skip_unavailable' from command line to 'False'
[0.632s] Level 5:colcon.colcon_core.verb:set package 'diana_robot' build argument 'cmake_clean_cache' from command line to 'False'
[0.632s] Level 5:colcon.colcon_core.verb:set package 'diana_robot' build argument 'cmake_clean_first' from command line to 'False'
[0.632s] Level 5:colcon.colcon_core.verb:set package 'diana_robot' build argument 'cmake_force_configure' from command line to 'False'
[0.632s] Level 5:colcon.colcon_core.verb:set package 'diana_robot' build argument 'ament_cmake_args' from command line to 'None'
[0.632s] Level 5:colcon.colcon_core.verb:set package 'diana_robot' build argument 'catkin_cmake_args' from command line to 'None'
[0.632s] Level 5:colcon.colcon_core.verb:set package 'diana_robot' build argument 'catkin_skip_building_tests' from command line to 'False'
[0.632s] DEBUG:colcon.colcon_core.verb:Building package 'diana_robot' with the following arguments: {'ament_cmake_args': None, 'build_base': '/mnt/nas/projects/robot/pika_ros/build/diana_robot', 'catkin_cmake_args': None, 'catkin_skip_building_tests': False, 'cmake_args': None, 'cmake_clean_cache': False, 'cmake_clean_first': False, 'cmake_force_configure': False, 'cmake_target': None, 'cmake_target_skip_unavailable': False, 'install_base': '/mnt/nas/projects/robot/pika_ros/install/diana_robot', 'merge_install': False, 'path': '/mnt/nas/projects/robot/pika_ros/src/PikaAnyArm/diana/diana_sdk', 'symlink_install': False, 'test_result_base': None}
[0.632s] Level 5:colcon.colcon_core.verb:set package 'pika_remote_diana' build argument 'cmake_args' from command line to 'None'
[0.632s] Level 5:colcon.colcon_core.verb:set package 'pika_remote_diana' build argument 'cmake_target' from command line to 'None'
[0.632s] Level 5:colcon.colcon_core.verb:set package 'pika_remote_diana' build argument 'cmake_target_skip_unavailable' from command line to 'False'
[0.632s] Level 5:colcon.colcon_core.verb:set package 'pika_remote_diana' build argument 'cmake_clean_cache' from command line to 'False'
[0.632s] Level 5:colcon.colcon_core.verb:set package 'pika_remote_diana' build argument 'cmake_clean_first' from command line to 'False'
[0.632s] Level 5:colcon.colcon_core.verb:set package 'pika_remote_diana' build argument 'cmake_force_configure' from command line to 'False'
[0.632s] Level 5:colcon.colcon_core.verb:set package 'pika_remote_diana' build argument 'ament_cmake_args' from command line to 'None'
[0.632s] Level 5:colcon.colcon_core.verb:set package 'pika_remote_diana' build argument 'catkin_cmake_args' from command line to 'None'
[0.632s] Level 5:colcon.colcon_core.verb:set package 'pika_remote_diana' build argument 'catkin_skip_building_tests' from command line to 'False'
[0.632s] DEBUG:colcon.colcon_core.verb:Building package 'pika_remote_diana' with the following arguments: {'ament_cmake_args': None, 'build_base': '/mnt/nas/projects/robot/pika_ros/build/pika_remote_diana', 'catkin_cmake_args': None, 'catkin_skip_building_tests': False, 'cmake_args': None, 'cmake_clean_cache': False, 'cmake_clean_first': False, 'cmake_force_configure': False, 'cmake_target': None, 'cmake_target_skip_unavailable': False, 'install_base': '/mnt/nas/projects/robot/pika_ros/install/pika_remote_diana', 'merge_install': False, 'path': '/mnt/nas/projects/robot/pika_ros/src/PikaAnyArm/diana/pika_remote_diana', 'symlink_install': False, 'test_result_base': None}
[0.633s] Level 5:colcon.colcon_core.verb:set package 'realsense2_camera_msgs' build argument 'cmake_args' from command line to 'None'
[0.633s] Level 5:colcon.colcon_core.verb:set package 'realsense2_camera_msgs' build argument 'cmake_target' from command line to 'None'
[0.633s] Level 5:colcon.colcon_core.verb:set package 'realsense2_camera_msgs' build argument 'cmake_target_skip_unavailable' from command line to 'False'
[0.633s] Level 5:colcon.colcon_core.verb:set package 'realsense2_camera_msgs' build argument 'cmake_clean_cache' from command line to 'False'
[0.633s] Level 5:colcon.colcon_core.verb:set package 'realsense2_camera_msgs' build argument 'cmake_clean_first' from command line to 'False'
[0.633s] Level 5:colcon.colcon_core.verb:set package 'realsense2_camera_msgs' build argument 'cmake_force_configure' from command line to 'False'
[0.633s] Level 5:colcon.colcon_core.verb:set package 'realsense2_camera_msgs' build argument 'ament_cmake_args' from command line to 'None'
[0.633s] Level 5:colcon.colcon_core.verb:set package 'realsense2_camera_msgs' build argument 'catkin_cmake_args' from command line to 'None'
[0.633s] Level 5:colcon.colcon_core.verb:set package 'realsense2_camera_msgs' build argument 'catkin_skip_building_tests' from command line to 'False'
[0.633s] DEBUG:colcon.colcon_core.verb:Building package 'realsense2_camera_msgs' with the following arguments: {'ament_cmake_args': None, 'build_base': '/mnt/nas/projects/robot/pika_ros/build/realsense2_camera_msgs', 'catkin_cmake_args': None, 'catkin_skip_building_tests': False, 'cmake_args': None, 'cmake_clean_cache': False, 'cmake_clean_first': False, 'cmake_force_configure': False, 'cmake_target': None, 'cmake_target_skip_unavailable': False, 'install_base': '/mnt/nas/projects/robot/pika_ros/install/realsense2_camera_msgs', 'merge_install': False, 'path': '/mnt/nas/projects/robot/pika_ros/src/realsense-ros/realsense2_camera_msgs', 'symlink_install': False, 'test_result_base': None}
[0.633s] Level 5:colcon.colcon_core.verb:set package 'sensor_tools' build argument 'cmake_args' from command line to 'None'
[0.633s] Level 5:colcon.colcon_core.verb:set package 'sensor_tools' build argument 'cmake_target' from command line to 'None'
[0.633s] Level 5:colcon.colcon_core.verb:set package 'sensor_tools' build argument 'cmake_target_skip_unavailable' from command line to 'False'
[0.633s] Level 5:colcon.colcon_core.verb:set package 'sensor_tools' build argument 'cmake_clean_cache' from command line to 'False'
[0.633s] Level 5:colcon.colcon_core.verb:set package 'sensor_tools' build argument 'cmake_clean_first' from command line to 'False'
[0.633s] Level 5:colcon.colcon_core.verb:set package 'sensor_tools' build argument 'cmake_force_configure' from command line to 'False'
[0.633s] Level 5:colcon.colcon_core.verb:set package 'sensor_tools' build argument 'ament_cmake_args' from command line to 'None'
[0.633s] Level 5:colcon.colcon_core.verb:set package 'sensor_tools' build argument 'catkin_cmake_args' from command line to 'None'
[0.633s] Level 5:colcon.colcon_core.verb:set package 'sensor_tools' build argument 'catkin_skip_building_tests' from command line to 'False'
[0.633s] DEBUG:colcon.colcon_core.verb:Building package 'sensor_tools' with the following arguments: {'ament_cmake_args': None, 'build_base': '/mnt/nas/projects/robot/pika_ros/build/sensor_tools', 'catkin_cmake_args': None, 'catkin_skip_building_tests': False, 'cmake_args': None, 'cmake_clean_cache': False, 'cmake_clean_first': False, 'cmake_force_configure': False, 'cmake_target': None, 'cmake_target_skip_unavailable': False, 'install_base': '/mnt/nas/projects/robot/pika_ros/install/sensor_tools', 'merge_install': False, 'path': '/mnt/nas/projects/robot/pika_ros/src/sensor_tools', 'symlink_install': False, 'test_result_base': None}
[0.634s] Level 5:colcon.colcon_core.verb:set package 'realsense2_camera' build argument 'cmake_args' from command line to 'None'
[0.634s] Level 5:colcon.colcon_core.verb:set package 'realsense2_camera' build argument 'cmake_target' from command line to 'None'
[0.634s] Level 5:colcon.colcon_core.verb:set package 'realsense2_camera' build argument 'cmake_target_skip_unavailable' from command line to 'False'
[0.634s] Level 5:colcon.colcon_core.verb:set package 'realsense2_camera' build argument 'cmake_clean_cache' from command line to 'False'
[0.634s] Level 5:colcon.colcon_core.verb:set package 'realsense2_camera' build argument 'cmake_clean_first' from command line to 'False'
[0.634s] Level 5:colcon.colcon_core.verb:set package 'realsense2_camera' build argument 'cmake_force_configure' from command line to 'False'
[0.634s] Level 5:colcon.colcon_core.verb:set package 'realsense2_camera' build argument 'ament_cmake_args' from command line to 'None'
[0.634s] Level 5:colcon.colcon_core.verb:set package 'realsense2_camera' build argument 'catkin_cmake_args' from command line to 'None'
[0.634s] Level 5:colcon.colcon_core.verb:set package 'realsense2_camera' build argument 'catkin_skip_building_tests' from command line to 'False'
[0.634s] DEBUG:colcon.colcon_core.verb:Building package 'realsense2_camera' with the following arguments: {'ament_cmake_args': None, 'build_base': '/mnt/nas/projects/robot/pika_ros/build/realsense2_camera', 'catkin_cmake_args': None, 'catkin_skip_building_tests': False, 'cmake_args': None, 'cmake_clean_cache': False, 'cmake_clean_first': False, 'cmake_force_configure': False, 'cmake_target': None, 'cmake_target_skip_unavailable': False, 'install_base': '/mnt/nas/projects/robot/pika_ros/install/realsense2_camera', 'merge_install': False, 'path': '/mnt/nas/projects/robot/pika_ros/src/realsense-ros/realsense2_camera', 'symlink_install': False, 'test_result_base': None}
[0.634s] Level 5:colcon.colcon_core.verb:set package 'realsense2_description' build argument 'cmake_args' from command line to 'None'
[0.634s] Level 5:colcon.colcon_core.verb:set package 'realsense2_description' build argument 'cmake_target' from command line to 'None'
[0.634s] Level 5:colcon.colcon_core.verb:set package 'realsense2_description' build argument 'cmake_target_skip_unavailable' from command line to 'False'
[0.634s] Level 5:colcon.colcon_core.verb:set package 'realsense2_description' build argument 'cmake_clean_cache' from command line to 'False'
[0.634s] Level 5:colcon.colcon_core.verb:set package 'realsense2_description' build argument 'cmake_clean_first' from command line to 'False'
[0.634s] Level 5:colcon.colcon_core.verb:set package 'realsense2_description' build argument 'cmake_force_configure' from command line to 'False'
[0.634s] Level 5:colcon.colcon_core.verb:set package 'realsense2_description' build argument 'ament_cmake_args' from command line to 'None'
[0.634s] Level 5:colcon.colcon_core.verb:set package 'realsense2_description' build argument 'catkin_cmake_args' from command line to 'None'
[0.634s] Level 5:colcon.colcon_core.verb:set package 'realsense2_description' build argument 'catkin_skip_building_tests' from command line to 'False'
[0.634s] DEBUG:colcon.colcon_core.verb:Building package 'realsense2_description' with the following arguments: {'ament_cmake_args': None, 'build_base': '/mnt/nas/projects/robot/pika_ros/build/realsense2_description', 'catkin_cmake_args': None, 'catkin_skip_building_tests': False, 'cmake_args': None, 'cmake_clean_cache': False, 'cmake_clean_first': False, 'cmake_force_configure': False, 'cmake_target': None, 'cmake_target_skip_unavailable': False, 'install_base': '/mnt/nas/projects/robot/pika_ros/install/realsense2_description', 'merge_install': False, 'path': '/mnt/nas/projects/robot/pika_ros/src/realsense-ros/realsense2_description', 'symlink_install': False, 'test_result_base': None}
[0.634s] INFO:colcon.colcon_core.executor:Executing jobs using 'parallel' executor
[0.635s] DEBUG:colcon.colcon_parallel_executor.executor.parallel:run_until_complete
[0.636s] INFO:colcon.colcon_ros.task.ament_cmake.build:Building ROS package in '/mnt/nas/projects/robot/pika_ros/src/realsense-ros/realsense2_camera_msgs' with build type 'ament_cmake'
[0.636s] INFO:colcon.colcon_cmake.task.cmake.build:Building CMake package in '/mnt/nas/projects/robot/pika_ros/src/realsense-ros/realsense2_camera_msgs'
[0.638s] INFO:colcon.colcon_core.plugin_system:Skipping extension 'colcon_core.shell.bat': Not used on non-Windows systems
[0.638s] INFO:colcon.colcon_core.shell:Skip shell extension 'powershell' for command environment: Not usable outside of PowerShell
[0.638s] DEBUG:colcon.colcon_core.shell:Skip shell extension 'dsv' for command environment
[0.646s] INFO:colcon.colcon_ros.task.ament_cmake.build:Building ROS package in '/mnt/nas/projects/robot/pika_ros/src/data_msgs' with build type 'ament_cmake'
[0.646s] INFO:colcon.colcon_cmake.task.cmake.build:Building CMake package in '/mnt/nas/projects/robot/pika_ros/src/data_msgs'
[0.646s] INFO:colcon.colcon_core.shell:Skip shell extension 'powershell' for command environment: Not usable outside of PowerShell
[0.646s] DEBUG:colcon.colcon_core.shell:Skip shell extension 'dsv' for command environment
[0.653s] INFO:colcon.colcon_ros.task.ament_cmake.build:Building ROS package in '/mnt/nas/projects/robot/pika_ros/src/data_tools' with build type 'ament_cmake'
[0.653s] INFO:colcon.colcon_cmake.task.cmake.build:Building CMake package in '/mnt/nas/projects/robot/pika_ros/src/data_tools'
[0.653s] INFO:colcon.colcon_core.shell:Skip shell extension 'powershell' for command environment: Not usable outside of PowerShell
[0.653s] DEBUG:colcon.colcon_core.shell:Skip shell extension 'dsv' for command environment
[0.659s] INFO:colcon.colcon_core.task.python.build:Building Python package in '/mnt/nas/projects/robot/pika_ros/src/PikaAnyArm/diana/diana_sdk'
[0.660s] INFO:colcon.colcon_core.shell:Skip shell extension 'powershell' for command environment: Not usable outside of PowerShell
[0.660s] DEBUG:colcon.colcon_core.shell:Skip shell extension 'dsv' for command environment
[0.666s] INFO:colcon.colcon_ros.task.ament_python.build:Building ROS package in '/mnt/nas/projects/robot/pika_ros/src/PikaAnyArm/diana/pika_remote_diana' with build type 'ament_python'
[0.666s] Level 1:colcon.colcon_core.shell:create_environment_hook('pika_remote_diana', 'ament_prefix_path')
[0.666s] INFO:colcon.colcon_core.shell:Creating environment hook '/mnt/nas/projects/robot/pika_ros/install/pika_remote_diana/share/pika_remote_diana/hook/ament_prefix_path.ps1'
[0.669s] INFO:colcon.colcon_core.shell:Creating environment descriptor '/mnt/nas/projects/robot/pika_ros/install/pika_remote_diana/share/pika_remote_diana/hook/ament_prefix_path.dsv'
[0.669s] INFO:colcon.colcon_core.shell:Creating environment hook '/mnt/nas/projects/robot/pika_ros/install/pika_remote_diana/share/pika_remote_diana/hook/ament_prefix_path.sh'
[0.670s] INFO:colcon.colcon_core.shell:Skip shell extension 'powershell' for command environment: Not usable outside of PowerShell
[0.670s] DEBUG:colcon.colcon_core.shell:Skip shell extension 'dsv' for command environment
[0.677s] INFO:colcon.colcon_ros.task.ament_cmake.build:Building ROS package in '/mnt/nas/projects/robot/pika_ros/src/sensor_tools' with build type 'ament_cmake'
[0.678s] INFO:colcon.colcon_cmake.task.cmake.build:Building CMake package in '/mnt/nas/projects/robot/pika_ros/src/sensor_tools'
[0.678s] INFO:colcon.colcon_core.shell:Skip shell extension 'powershell' for command environment: Not usable outside of PowerShell
[0.678s] DEBUG:colcon.colcon_core.shell:Skip shell extension 'dsv' for command environment
[0.693s] DEBUG:colcon.colcon_core.event_handler.log_command:Invoking command in '/mnt/nas/projects/robot/pika_ros/build/realsense2_camera_msgs': CMAKE_PREFIX_PATH=${CMAKE_PREFIX_PATH}:/mnt/nas/projects/robot/pika_ros/install/pika_remote_diana:/mnt/nas/projects/robot/pika_ros/install/piper:/opt/ros/humble /usr/bin/cmake /mnt/nas/projects/robot/pika_ros/src/realsense-ros/realsense2_camera_msgs -DCMAKE_INSTALL_PREFIX=/mnt/nas/projects/robot/pika_ros/install/realsense2_camera_msgs
[0.700s] DEBUG:colcon.colcon_core.event_handler.log_command:Invoking command in '/mnt/nas/projects/robot/pika_ros/build/data_msgs': CMAKE_PREFIX_PATH=${CMAKE_PREFIX_PATH}:/mnt/nas/projects/robot/pika_ros/install/pika_remote_diana:/mnt/nas/projects/robot/pika_ros/install/piper:/opt/ros/humble /usr/bin/cmake /mnt/nas/projects/robot/pika_ros/src/data_msgs -DCMAKE_INSTALL_PREFIX=/mnt/nas/projects/robot/pika_ros/install/data_msgs
[0.707s] DEBUG:colcon.colcon_core.event_handler.log_command:Invoking command in '/mnt/nas/projects/robot/pika_ros/build/data_tools': CMAKE_PREFIX_PATH=${CMAKE_PREFIX_PATH}:/mnt/nas/projects/robot/pika_ros/install/pika_remote_diana:/mnt/nas/projects/robot/pika_ros/install/piper:/opt/ros/humble /usr/bin/cmake /mnt/nas/projects/robot/pika_ros/src/data_tools -DCMAKE_INSTALL_PREFIX=/mnt/nas/projects/robot/pika_ros/install/data_tools
[1.240s] INFO:colcon.colcon_core.task.python.build:Building Python package in '/mnt/nas/projects/robot/pika_ros/src/PikaAnyArm/diana/pika_remote_diana'
[1.240s] INFO:colcon.colcon_core.shell:Skip shell extension 'powershell' for command environment: Not usable outside of PowerShell
[1.241s] DEBUG:colcon.colcon_core.shell:Skip shell extension 'dsv' for command environment
[1.273s] DEBUG:colcon.colcon_core.event_handler.log_command:Invoking command in '/mnt/nas/projects/robot/pika_ros/build/sensor_tools': CMAKE_PREFIX_PATH=${CMAKE_PREFIX_PATH}:/mnt/nas/projects/robot/pika_ros/install/pika_remote_diana:/mnt/nas/projects/robot/pika_ros/install/piper:/opt/ros/humble /usr/bin/cmake /mnt/nas/projects/robot/pika_ros/src/sensor_tools -DCMAKE_INSTALL_PREFIX=/mnt/nas/projects/robot/pika_ros/install/sensor_tools
[1.299s] DEBUG:colcon.colcon_core.event_handler.log_command:Invoking command in '/mnt/nas/projects/robot/pika_ros/src/PikaAnyArm/diana/diana_sdk': PYTHONPATH=/mnt/nas/projects/robot/pika_ros/build/diana_robot/prefix_override:/usr/lib/python3/dist-packages/colcon_core/task/python/colcon_distutils_commands:/mnt/nas/projects/robot/pika_ros/install/diana_robot/lib/python3.10/site-packages:${PYTHONPATH} /usr/bin/python3 -W ignore:setup.py install is deprecated -W ignore:easy_install command is deprecated setup.py egg_info --egg-base ../../../../build/diana_robot build --build-base /mnt/nas/projects/robot/pika_ros/build/diana_robot/build install --record /mnt/nas/projects/robot/pika_ros/build/diana_robot/install.log --single-version-externally-managed
[1.687s] DEBUG:colcon.colcon_core.event_handler.log_command:Invoking command in '/mnt/nas/projects/robot/pika_ros/src/PikaAnyArm/diana/pika_remote_diana': PYTHONPATH=/mnt/nas/projects/robot/pika_ros/build/pika_remote_diana/prefix_override:/usr/lib/python3/dist-packages/colcon_core/task/python/colcon_distutils_commands:/mnt/nas/projects/robot/pika_ros/install/pika_remote_diana/lib/python3.10/site-packages:${PYTHONPATH} /usr/bin/python3 -W ignore:setup.py install is deprecated -W ignore:easy_install command is deprecated setup.py egg_info --egg-base ../../../../build/pika_remote_diana build --build-base /mnt/nas/projects/robot/pika_ros/build/pika_remote_diana/build install --record /mnt/nas/projects/robot/pika_ros/build/pika_remote_diana/install.log --single-version-externally-managed install_data
[2.015s] DEBUG:colcon.colcon_core.event_handler.log_command:Invoked command in '/mnt/nas/projects/robot/pika_ros/src/PikaAnyArm/diana/diana_sdk' returned '0': PYTHONPATH=/mnt/nas/projects/robot/pika_ros/build/diana_robot/prefix_override:/usr/lib/python3/dist-packages/colcon_core/task/python/colcon_distutils_commands:/mnt/nas/projects/robot/pika_ros/install/diana_robot/lib/python3.10/site-packages:${PYTHONPATH} /usr/bin/python3 -W ignore:setup.py install is deprecated -W ignore:easy_install command is deprecated setup.py egg_info --egg-base ../../../../build/diana_robot build --build-base /mnt/nas/projects/robot/pika_ros/build/diana_robot/build install --record /mnt/nas/projects/robot/pika_ros/build/diana_robot/install.log --single-version-externally-managed
[2.017s] Level 1:colcon.colcon_core.environment:checking '/mnt/nas/projects/robot/pika_ros/install/diana_robot' for CMake module files
[2.018s] Level 1:colcon.colcon_core.environment:checking '/mnt/nas/projects/robot/pika_ros/install/diana_robot' for CMake config files
[2.021s] Level 1:colcon.colcon_core.environment:checking '/mnt/nas/projects/robot/pika_ros/install/diana_robot/lib'
[2.021s] Level 1:colcon.colcon_core.environment:checking '/mnt/nas/projects/robot/pika_ros/install/diana_robot/bin'
[2.022s] Level 1:colcon.colcon_core.environment:checking '/mnt/nas/projects/robot/pika_ros/install/diana_robot/lib/pkgconfig/diana_robot.pc'
[2.022s] Level 1:colcon.colcon_core.environment:checking '/mnt/nas/projects/robot/pika_ros/install/diana_robot/lib/python3.10/site-packages'
[2.022s] Level 1:colcon.colcon_core.shell:create_environment_hook('diana_robot', 'pythonpath')
[2.022s] INFO:colcon.colcon_core.shell:Creating environment hook '/mnt/nas/projects/robot/pika_ros/install/diana_robot/share/diana_robot/hook/pythonpath.ps1'
[2.025s] INFO:colcon.colcon_core.shell:Creating environment descriptor '/mnt/nas/projects/robot/pika_ros/install/diana_robot/share/diana_robot/hook/pythonpath.dsv'
[2.026s] INFO:colcon.colcon_core.shell:Creating environment hook '/mnt/nas/projects/robot/pika_ros/install/diana_robot/share/diana_robot/hook/pythonpath.sh'
[2.027s] Level 1:colcon.colcon_core.environment:checking '/mnt/nas/projects/robot/pika_ros/install/diana_robot/bin'
[2.027s] Level 1:colcon.colcon_core.environment:create_environment_scripts_only(diana_robot)
[2.027s] INFO:colcon.colcon_core.shell:Creating package script '/mnt/nas/projects/robot/pika_ros/install/diana_robot/share/diana_robot/package.ps1'
[2.029s] INFO:colcon.colcon_core.shell:Creating package descriptor '/mnt/nas/projects/robot/pika_ros/install/diana_robot/share/diana_robot/package.dsv'
[2.030s] INFO:colcon.colcon_core.shell:Creating package script '/mnt/nas/projects/robot/pika_ros/install/diana_robot/share/diana_robot/package.sh'
[2.031s] INFO:colcon.colcon_core.shell:Creating package script '/mnt/nas/projects/robot/pika_ros/install/diana_robot/share/diana_robot/package.bash'
[2.032s] INFO:colcon.colcon_core.shell:Creating package script '/mnt/nas/projects/robot/pika_ros/install/diana_robot/share/diana_robot/package.zsh'
[2.034s] Level 1:colcon.colcon_core.environment:create_file_with_runtime_dependencies(/mnt/nas/projects/robot/pika_ros/install/diana_robot/share/colcon-core/packages/diana_robot)
[2.185s] Level 1:colcon.colcon_core.environment:checking '/mnt/nas/projects/robot/pika_ros/install/pika_remote_diana' for CMake module files
[2.185s] DEBUG:colcon.colcon_core.event_handler.log_command:Invoked command in '/mnt/nas/projects/robot/pika_ros/src/PikaAnyArm/diana/pika_remote_diana' returned '0': PYTHONPATH=/mnt/nas/projects/robot/pika_ros/build/pika_remote_diana/prefix_override:/usr/lib/python3/dist-packages/colcon_core/task/python/colcon_distutils_commands:/mnt/nas/projects/robot/pika_ros/install/pika_remote_diana/lib/python3.10/site-packages:${PYTHONPATH} /usr/bin/python3 -W ignore:setup.py install is deprecated -W ignore:easy_install command is deprecated setup.py egg_info --egg-base ../../../../build/pika_remote_diana build --build-base /mnt/nas/projects/robot/pika_ros/build/pika_remote_diana/build install --record /mnt/nas/projects/robot/pika_ros/build/pika_remote_diana/install.log --single-version-externally-managed install_data
[2.188s] Level 1:colcon.colcon_core.environment:checking '/mnt/nas/projects/robot/pika_ros/install/pika_remote_diana' for CMake config files
[2.193s] Level 1:colcon.colcon_core.environment:checking '/mnt/nas/projects/robot/pika_ros/install/pika_remote_diana/lib'
[2.193s] Level 1:colcon.colcon_core.environment:checking '/mnt/nas/projects/robot/pika_ros/install/pika_remote_diana/bin'
[2.193s] Level 1:colcon.colcon_core.environment:checking '/mnt/nas/projects/robot/pika_ros/install/pika_remote_diana/lib/pkgconfig/pika_remote_diana.pc'
[2.193s] Level 1:colcon.colcon_core.environment:checking '/mnt/nas/projects/robot/pika_ros/install/pika_remote_diana/lib/python3.10/site-packages'
[2.193s] Level 1:colcon.colcon_core.shell:create_environment_hook('pika_remote_diana', 'pythonpath')
[2.194s] INFO:colcon.colcon_core.shell:Creating environment hook '/mnt/nas/projects/robot/pika_ros/install/pika_remote_diana/share/pika_remote_diana/hook/pythonpath.ps1'
[2.195s] INFO:colcon.colcon_core.shell:Creating environment descriptor '/mnt/nas/projects/robot/pika_ros/install/pika_remote_diana/share/pika_remote_diana/hook/pythonpath.dsv'
[2.196s] INFO:colcon.colcon_core.shell:Creating environment hook '/mnt/nas/projects/robot/pika_ros/install/pika_remote_diana/share/pika_remote_diana/hook/pythonpath.sh'
[2.197s] Level 1:colcon.colcon_core.environment:checking '/mnt/nas/projects/robot/pika_ros/install/pika_remote_diana/bin'
[2.197s] Level 1:colcon.colcon_core.environment:create_environment_scripts_only(pika_remote_diana)
[2.197s] INFO:colcon.colcon_core.shell:Creating package script '/mnt/nas/projects/robot/pika_ros/install/pika_remote_diana/share/pika_remote_diana/package.ps1'
[2.198s] INFO:colcon.colcon_core.shell:Creating package descriptor '/mnt/nas/projects/robot/pika_ros/install/pika_remote_diana/share/pika_remote_diana/package.dsv'
[2.199s] INFO:colcon.colcon_core.shell:Creating package script '/mnt/nas/projects/robot/pika_ros/install/pika_remote_diana/share/pika_remote_diana/package.sh'
[2.201s] INFO:colcon.colcon_core.shell:Creating package script '/mnt/nas/projects/robot/pika_ros/install/pika_remote_diana/share/pika_remote_diana/package.bash'
[2.201s] INFO:colcon.colcon_core.shell:Creating package script '/mnt/nas/projects/robot/pika_ros/install/pika_remote_diana/share/pika_remote_diana/package.zsh'
[2.202s] Level 1:colcon.colcon_core.environment:create_file_with_runtime_dependencies(/mnt/nas/projects/robot/pika_ros/install/pika_remote_diana/share/colcon-core/packages/pika_remote_diana)
[5.651s] DEBUG:colcon.colcon_core.event_handler.log_command:Invoked command in '/mnt/nas/projects/robot/pika_ros/build/realsense2_camera_msgs' returned '0': CMAKE_PREFIX_PATH=${CMAKE_PREFIX_PATH}:/mnt/nas/projects/robot/pika_ros/install/pika_remote_diana:/mnt/nas/projects/robot/pika_ros/install/piper:/opt/ros/humble /usr/bin/cmake /mnt/nas/projects/robot/pika_ros/src/realsense-ros/realsense2_camera_msgs -DCMAKE_INSTALL_PREFIX=/mnt/nas/projects/robot/pika_ros/install/realsense2_camera_msgs
[5.653s] DEBUG:colcon.colcon_core.event_handler.log_command:Invoking command in '/mnt/nas/projects/robot/pika_ros/build/realsense2_camera_msgs': CMAKE_PREFIX_PATH=${CMAKE_PREFIX_PATH}:/mnt/nas/projects/robot/pika_ros/install/pika_remote_diana:/mnt/nas/projects/robot/pika_ros/install/piper:/opt/ros/humble /usr/bin/cmake --build /mnt/nas/projects/robot/pika_ros/build/realsense2_camera_msgs -- -j128 -l128
[6.323s] DEBUG:colcon.colcon_core.event_handler.log_command:Invoked command in '/mnt/nas/projects/robot/pika_ros/build/data_msgs' returned '0': CMAKE_PREFIX_PATH=${CMAKE_PREFIX_PATH}:/mnt/nas/projects/robot/pika_ros/install/pika_remote_diana:/mnt/nas/projects/robot/pika_ros/install/piper:/opt/ros/humble /usr/bin/cmake /mnt/nas/projects/robot/pika_ros/src/data_msgs -DCMAKE_INSTALL_PREFIX=/mnt/nas/projects/robot/pika_ros/install/data_msgs
[6.329s] DEBUG:colcon.colcon_core.event_handler.log_command:Invoking command in '/mnt/nas/projects/robot/pika_ros/build/data_msgs': CMAKE_PREFIX_PATH=${CMAKE_PREFIX_PATH}:/mnt/nas/projects/robot/pika_ros/install/pika_remote_diana:/mnt/nas/projects/robot/pika_ros/install/piper:/opt/ros/humble /usr/bin/cmake --build /mnt/nas/projects/robot/pika_ros/build/data_msgs -- -j128 -l128
[10.512s] DEBUG:colcon.colcon_core.event_handler.log_command:Invoked command in '/mnt/nas/projects/robot/pika_ros/build/sensor_tools' returned '0': CMAKE_PREFIX_PATH=${CMAKE_PREFIX_PATH}:/mnt/nas/projects/robot/pika_ros/install/pika_remote_diana:/mnt/nas/projects/robot/pika_ros/install/piper:/opt/ros/humble /usr/bin/cmake /mnt/nas/projects/robot/pika_ros/src/sensor_tools -DCMAKE_INSTALL_PREFIX=/mnt/nas/projects/robot/pika_ros/install/sensor_tools
[10.521s] DEBUG:colcon.colcon_core.event_handler.log_command:Invoking command in '/mnt/nas/projects/robot/pika_ros/build/sensor_tools': CMAKE_PREFIX_PATH=${CMAKE_PREFIX_PATH}:/mnt/nas/projects/robot/pika_ros/install/pika_remote_diana:/mnt/nas/projects/robot/pika_ros/install/piper:/opt/ros/humble /usr/bin/cmake --build /mnt/nas/projects/robot/pika_ros/build/sensor_tools -- -j128 -l128
[11.465s] DEBUG:colcon.colcon_core.event_handler.log_command:Invoked command in '/mnt/nas/projects/robot/pika_ros/build/data_tools' returned '0': CMAKE_PREFIX_PATH=${CMAKE_PREFIX_PATH}:/mnt/nas/projects/robot/pika_ros/install/pika_remote_diana:/mnt/nas/projects/robot/pika_ros/install/piper:/opt/ros/humble /usr/bin/cmake /mnt/nas/projects/robot/pika_ros/src/data_tools -DCMAKE_INSTALL_PREFIX=/mnt/nas/projects/robot/pika_ros/install/data_tools
[11.474s] DEBUG:colcon.colcon_core.event_handler.log_command:Invoking command in '/mnt/nas/projects/robot/pika_ros/build/data_tools': CMAKE_PREFIX_PATH=${CMAKE_PREFIX_PATH}:/mnt/nas/projects/robot/pika_ros/install/pika_remote_diana:/mnt/nas/projects/robot/pika_ros/install/piper:/opt/ros/humble /usr/bin/cmake --build /mnt/nas/projects/robot/pika_ros/build/data_tools -- -j128 -l128
[11.875s] DEBUG:colcon.colcon_core.event_handler.log_command:Invoked command in '/mnt/nas/projects/robot/pika_ros/build/realsense2_camera_msgs' returned '0': CMAKE_PREFIX_PATH=${CMAKE_PREFIX_PATH}:/mnt/nas/projects/robot/pika_ros/install/pika_remote_diana:/mnt/nas/projects/robot/pika_ros/install/piper:/opt/ros/humble /usr/bin/cmake --build /mnt/nas/projects/robot/pika_ros/build/realsense2_camera_msgs -- -j128 -l128
[11.893s] DEBUG:colcon.colcon_core.event_handler.log_command:Invoking command in '/mnt/nas/projects/robot/pika_ros/build/realsense2_camera_msgs': CMAKE_PREFIX_PATH=${CMAKE_PREFIX_PATH}:/mnt/nas/projects/robot/pika_ros/install/pika_remote_diana:/mnt/nas/projects/robot/pika_ros/install/piper:/opt/ros/humble /usr/bin/cmake --install /mnt/nas/projects/robot/pika_ros/build/realsense2_camera_msgs
[12.339s] Level 1:colcon.colcon_core.environment:create_environment_scripts_only(realsense2_camera_msgs)
[12.340s] DEBUG:colcon.colcon_core.event_handler.log_command:Invoked command in '/mnt/nas/projects/robot/pika_ros/build/realsense2_camera_msgs' returned '0': CMAKE_PREFIX_PATH=${CMAKE_PREFIX_PATH}:/mnt/nas/projects/robot/pika_ros/install/pika_remote_diana:/mnt/nas/projects/robot/pika_ros/install/piper:/opt/ros/humble /usr/bin/cmake --install /mnt/nas/projects/robot/pika_ros/build/realsense2_camera_msgs
[12.341s] Level 1:colcon.colcon_core.environment:checking '/mnt/nas/projects/robot/pika_ros/install/realsense2_camera_msgs' for CMake module files
[12.343s] Level 1:colcon.colcon_core.environment:checking '/mnt/nas/projects/robot/pika_ros/install/realsense2_camera_msgs' for CMake config files
[12.346s] Level 1:colcon.colcon_core.shell:create_environment_hook('realsense2_camera_msgs', 'cmake_prefix_path')
[12.347s] INFO:colcon.colcon_core.shell:Creating environment hook '/mnt/nas/projects/robot/pika_ros/install/realsense2_camera_msgs/share/realsense2_camera_msgs/hook/cmake_prefix_path.ps1'
[12.348s] INFO:colcon.colcon_core.shell:Creating environment descriptor '/mnt/nas/projects/robot/pika_ros/install/realsense2_camera_msgs/share/realsense2_camera_msgs/hook/cmake_prefix_path.dsv'
[12.349s] INFO:colcon.colcon_core.shell:Creating environment hook '/mnt/nas/projects/robot/pika_ros/install/realsense2_camera_msgs/share/realsense2_camera_msgs/hook/cmake_prefix_path.sh'
[12.350s] Level 1:colcon.colcon_core.environment:checking '/mnt/nas/projects/robot/pika_ros/install/realsense2_camera_msgs/lib'
[12.350s] Level 1:colcon.colcon_core.shell:create_environment_hook('realsense2_camera_msgs', 'ld_library_path_lib')
[12.351s] INFO:colcon.colcon_core.shell:Creating environment hook '/mnt/nas/projects/robot/pika_ros/install/realsense2_camera_msgs/share/realsense2_camera_msgs/hook/ld_library_path_lib.ps1'
[12.352s] INFO:colcon.colcon_core.shell:Creating environment descriptor '/mnt/nas/projects/robot/pika_ros/install/realsense2_camera_msgs/share/realsense2_camera_msgs/hook/ld_library_path_lib.dsv'
[12.352s] INFO:colcon.colcon_core.shell:Creating environment hook '/mnt/nas/projects/robot/pika_ros/install/realsense2_camera_msgs/share/realsense2_camera_msgs/hook/ld_library_path_lib.sh'
[12.353s] Level 1:colcon.colcon_core.environment:checking '/mnt/nas/projects/robot/pika_ros/install/realsense2_camera_msgs/bin'
[12.353s] Level 1:colcon.colcon_core.environment:checking '/mnt/nas/projects/robot/pika_ros/install/realsense2_camera_msgs/lib/pkgconfig/realsense2_camera_msgs.pc'
[12.353s] Level 1:colcon.colcon_core.environment:checking '/mnt/nas/projects/robot/pika_ros/install/realsense2_camera_msgs/lib/python3.10/site-packages'
[12.354s] Level 1:colcon.colcon_core.environment:checking '/mnt/nas/projects/robot/pika_ros/install/realsense2_camera_msgs/bin'
[12.354s] INFO:colcon.colcon_core.shell:Creating package script '/mnt/nas/projects/robot/pika_ros/install/realsense2_camera_msgs/share/realsense2_camera_msgs/package.ps1'
[12.355s] INFO:colcon.colcon_core.shell:Creating package descriptor '/mnt/nas/projects/robot/pika_ros/install/realsense2_camera_msgs/share/realsense2_camera_msgs/package.dsv'
[12.356s] INFO:colcon.colcon_core.shell:Creating package script '/mnt/nas/projects/robot/pika_ros/install/realsense2_camera_msgs/share/realsense2_camera_msgs/package.sh'
[12.357s] INFO:colcon.colcon_core.shell:Creating package script '/mnt/nas/projects/robot/pika_ros/install/realsense2_camera_msgs/share/realsense2_camera_msgs/package.bash'
[12.357s] INFO:colcon.colcon_core.shell:Creating package script '/mnt/nas/projects/robot/pika_ros/install/realsense2_camera_msgs/share/realsense2_camera_msgs/package.zsh'
[12.358s] Level 1:colcon.colcon_core.environment:create_file_with_runtime_dependencies(/mnt/nas/projects/robot/pika_ros/install/realsense2_camera_msgs/share/colcon-core/packages/realsense2_camera_msgs)
[12.359s] Level 1:colcon.colcon_core.environment:create_environment_scripts_only(realsense2_camera_msgs)
[12.360s] Level 1:colcon.colcon_core.environment:checking '/mnt/nas/projects/robot/pika_ros/install/realsense2_camera_msgs' for CMake module files
[12.360s] Level 1:colcon.colcon_core.environment:checking '/mnt/nas/projects/robot/pika_ros/install/realsense2_camera_msgs' for CMake config files
[12.362s] Level 1:colcon.colcon_core.shell:create_environment_hook('realsense2_camera_msgs', 'cmake_prefix_path')
[12.362s] INFO:colcon.colcon_core.shell:Creating environment hook '/mnt/nas/projects/robot/pika_ros/install/realsense2_camera_msgs/share/realsense2_camera_msgs/hook/cmake_prefix_path.ps1'
[12.362s] INFO:colcon.colcon_core.shell:Creating environment descriptor '/mnt/nas/projects/robot/pika_ros/install/realsense2_camera_msgs/share/realsense2_camera_msgs/hook/cmake_prefix_path.dsv'
[12.363s] INFO:colcon.colcon_core.shell:Creating environment hook '/mnt/nas/projects/robot/pika_ros/install/realsense2_camera_msgs/share/realsense2_camera_msgs/hook/cmake_prefix_path.sh'
[12.364s] Level 1:colcon.colcon_core.environment:checking '/mnt/nas/projects/robot/pika_ros/install/realsense2_camera_msgs/lib'
[12.364s] Level 1:colcon.colcon_core.shell:create_environment_hook('realsense2_camera_msgs', 'ld_library_path_lib')
[12.364s] INFO:colcon.colcon_core.shell:Creating environment hook '/mnt/nas/projects/robot/pika_ros/install/realsense2_camera_msgs/share/realsense2_camera_msgs/hook/ld_library_path_lib.ps1'
[12.365s] INFO:colcon.colcon_core.shell:Creating environment descriptor '/mnt/nas/projects/robot/pika_ros/install/realsense2_camera_msgs/share/realsense2_camera_msgs/hook/ld_library_path_lib.dsv'
[12.366s] INFO:colcon.colcon_core.shell:Creating environment hook '/mnt/nas/projects/robot/pika_ros/install/realsense2_camera_msgs/share/realsense2_camera_msgs/hook/ld_library_path_lib.sh'
[12.366s] Level 1:colcon.colcon_core.environment:checking '/mnt/nas/projects/robot/pika_ros/install/realsense2_camera_msgs/bin'
[12.366s] Level 1:colcon.colcon_core.environment:checking '/mnt/nas/projects/robot/pika_ros/install/realsense2_camera_msgs/lib/pkgconfig/realsense2_camera_msgs.pc'
[12.367s] Level 1:colcon.colcon_core.environment:checking '/mnt/nas/projects/robot/pika_ros/install/realsense2_camera_msgs/lib/python3.10/site-packages'
[12.367s] Level 1:colcon.colcon_core.environment:checking '/mnt/nas/projects/robot/pika_ros/install/realsense2_camera_msgs/bin'
[12.367s] INFO:colcon.colcon_core.shell:Creating package script '/mnt/nas/projects/robot/pika_ros/install/realsense2_camera_msgs/share/realsense2_camera_msgs/package.ps1'
[12.368s] INFO:colcon.colcon_core.shell:Creating package descriptor '/mnt/nas/projects/robot/pika_ros/install/realsense2_camera_msgs/share/realsense2_camera_msgs/package.dsv'
[12.369s] INFO:colcon.colcon_core.shell:Creating package script '/mnt/nas/projects/robot/pika_ros/install/realsense2_camera_msgs/share/realsense2_camera_msgs/package.sh'
[12.370s] INFO:colcon.colcon_core.shell:Creating package script '/mnt/nas/projects/robot/pika_ros/install/realsense2_camera_msgs/share/realsense2_camera_msgs/package.bash'
[12.371s] INFO:colcon.colcon_core.shell:Creating package script '/mnt/nas/projects/robot/pika_ros/install/realsense2_camera_msgs/share/realsense2_camera_msgs/package.zsh'
[12.371s] Level 1:colcon.colcon_core.environment:create_file_with_runtime_dependencies(/mnt/nas/projects/robot/pika_ros/install/realsense2_camera_msgs/share/colcon-core/packages/realsense2_camera_msgs)
[12.372s] INFO:colcon.colcon_ros.task.ament_cmake.build:Building ROS package in '/mnt/nas/projects/robot/pika_ros/src/realsense-ros/realsense2_camera' with build type 'ament_cmake'
[12.372s] INFO:colcon.colcon_cmake.task.cmake.build:Building CMake package in '/mnt/nas/projects/robot/pika_ros/src/realsense-ros/realsense2_camera'
[12.372s] INFO:colcon.colcon_core.shell:Skip shell extension 'powershell' for command environment: Not usable outside of PowerShell
[12.373s] DEBUG:colcon.colcon_core.shell:Skip shell extension 'dsv' for command environment
[12.384s] INFO:colcon.colcon_ros.task.ament_cmake.build:Building ROS package in '/mnt/nas/projects/robot/pika_ros/src/realsense-ros/realsense2_description' with build type 'ament_cmake'
[12.384s] INFO:colcon.colcon_cmake.task.cmake.build:Building CMake package in '/mnt/nas/projects/robot/pika_ros/src/realsense-ros/realsense2_description'
[12.384s] INFO:colcon.colcon_core.shell:Skip shell extension 'powershell' for command environment: Not usable outside of PowerShell
[12.384s] DEBUG:colcon.colcon_core.shell:Skip shell extension 'dsv' for command environment
[12.401s] DEBUG:colcon.colcon_core.event_handler.log_command:Invoking command in '/mnt/nas/projects/robot/pika_ros/build/realsense2_camera': CMAKE_PREFIX_PATH=/mnt/nas/projects/robot/pika_ros/install/realsense2_camera_msgs:/mnt/nas/projects/robot/pika_ros/install/sensor_tools:/mnt/nas/projects/robot/pika_ros/install/realsense2_description:/mnt/nas/projects/robot/pika_ros/install/realsense2_camera:/mnt/nas/projects/robot/pika_ros/install/piper_msgs:/mnt/nas/projects/robot/pika_ros/install/piper_description:/mnt/nas/projects/robot/pika_ros/install/pika_remote_piper:/mnt/nas/projects/robot/pika_ros/install/pika_locator:/mnt/nas/projects/robot/pika_ros/install/data_tools:/mnt/nas/projects/robot/pika_ros/install/data_msgs:/mnt/nas/projects/robot/pika_ros/install/pika_remote_diana:/mnt/nas/projects/robot/pika_ros/install/piper:/opt/ros/humble LD_LIBRARY_PATH=/mnt/nas/projects/robot/pika_ros/install/realsense2_camera_msgs/lib:/mnt/nas/projects/robot/pika_ros/install/realsense2_camera/lib:/mnt/nas/projects/robot/pika_ros/install/piper_msgs/lib:/mnt/nas/projects/robot/pika_ros/install/pika_locator/lib:/mnt/nas/projects/robot/pika_ros/install/libsurvive/lib:/mnt/nas/projects/robot/pika_ros/install/data_msgs/lib:/opt/ros/humble/opt/rviz_ogre_vendor/lib:/opt/ros/humble/lib/x86_64-linux-gnu:/opt/ros/humble/lib /usr/bin/cmake /mnt/nas/projects/robot/pika_ros/src/realsense-ros/realsense2_camera -DCMAKE_INSTALL_PREFIX=/mnt/nas/projects/robot/pika_ros/install/realsense2_camera
[12.502s] DEBUG:colcon.colcon_core.event_handler.log_command:Invoking command in '/mnt/nas/projects/robot/pika_ros/build/realsense2_description': CMAKE_PREFIX_PATH=/mnt/nas/projects/robot/pika_ros/install/realsense2_camera_msgs:/mnt/nas/projects/robot/pika_ros/install/sensor_tools:/mnt/nas/projects/robot/pika_ros/install/realsense2_description:/mnt/nas/projects/robot/pika_ros/install/realsense2_camera:/mnt/nas/projects/robot/pika_ros/install/piper_msgs:/mnt/nas/projects/robot/pika_ros/install/piper_description:/mnt/nas/projects/robot/pika_ros/install/pika_remote_piper:/mnt/nas/projects/robot/pika_ros/install/pika_locator:/mnt/nas/projects/robot/pika_ros/install/data_tools:/mnt/nas/projects/robot/pika_ros/install/data_msgs:/mnt/nas/projects/robot/pika_ros/install/pika_remote_diana:/mnt/nas/projects/robot/pika_ros/install/piper:/opt/ros/humble LD_LIBRARY_PATH=/mnt/nas/projects/robot/pika_ros/install/realsense2_camera_msgs/lib:/mnt/nas/projects/robot/pika_ros/install/realsense2_camera/lib:/mnt/nas/projects/robot/pika_ros/install/piper_msgs/lib:/mnt/nas/projects/robot/pika_ros/install/pika_locator/lib:/mnt/nas/projects/robot/pika_ros/install/libsurvive/lib:/mnt/nas/projects/robot/pika_ros/install/data_msgs/lib:/opt/ros/humble/opt/rviz_ogre_vendor/lib:/opt/ros/humble/lib/x86_64-linux-gnu:/opt/ros/humble/lib /usr/bin/cmake /mnt/nas/projects/robot/pika_ros/src/realsense-ros/realsense2_description -DCMAKE_INSTALL_PREFIX=/mnt/nas/projects/robot/pika_ros/install/realsense2_description
[12.638s] DEBUG:colcon.colcon_core.event_handler.log_command:Invoked command in '/mnt/nas/projects/robot/pika_ros/build/data_msgs' returned '0': CMAKE_PREFIX_PATH=${CMAKE_PREFIX_PATH}:/mnt/nas/projects/robot/pika_ros/install/pika_remote_diana:/mnt/nas/projects/robot/pika_ros/install/piper:/opt/ros/humble /usr/bin/cmake --build /mnt/nas/projects/robot/pika_ros/build/data_msgs -- -j128 -l128
[12.645s] DEBUG:colcon.colcon_core.event_handler.log_command:Invoking command in '/mnt/nas/projects/robot/pika_ros/build/data_msgs': CMAKE_PREFIX_PATH=${CMAKE_PREFIX_PATH}:/mnt/nas/projects/robot/pika_ros/install/pika_remote_diana:/mnt/nas/projects/robot/pika_ros/install/piper:/opt/ros/humble /usr/bin/cmake --install /mnt/nas/projects/robot/pika_ros/build/data_msgs
[13.135s] Level 1:colcon.colcon_core.environment:create_environment_scripts_only(data_msgs)
[13.136s] Level 1:colcon.colcon_core.environment:checking '/mnt/nas/projects/robot/pika_ros/install/data_msgs' for CMake module files
[13.137s] DEBUG:colcon.colcon_core.event_handler.log_command:Invoked command in '/mnt/nas/projects/robot/pika_ros/build/data_msgs' returned '0': CMAKE_PREFIX_PATH=${CMAKE_PREFIX_PATH}:/mnt/nas/projects/robot/pika_ros/install/pika_remote_diana:/mnt/nas/projects/robot/pika_ros/install/piper:/opt/ros/humble /usr/bin/cmake --install /mnt/nas/projects/robot/pika_ros/build/data_msgs
[13.139s] Level 1:colcon.colcon_core.environment:checking '/mnt/nas/projects/robot/pika_ros/install/data_msgs' for CMake config files
[13.142s] Level 1:colcon.colcon_core.shell:create_environment_hook('data_msgs', 'cmake_prefix_path')
[13.142s] INFO:colcon.colcon_core.shell:Creating environment hook '/mnt/nas/projects/robot/pika_ros/install/data_msgs/share/data_msgs/hook/cmake_prefix_path.ps1'
[13.143s] INFO:colcon.colcon_core.shell:Creating environment descriptor '/mnt/nas/projects/robot/pika_ros/install/data_msgs/share/data_msgs/hook/cmake_prefix_path.dsv'
[13.144s] INFO:colcon.colcon_core.shell:Creating environment hook '/mnt/nas/projects/robot/pika_ros/install/data_msgs/share/data_msgs/hook/cmake_prefix_path.sh'
[13.146s] Level 1:colcon.colcon_core.environment:checking '/mnt/nas/projects/robot/pika_ros/install/data_msgs/lib'
[13.146s] Level 1:colcon.colcon_core.shell:create_environment_hook('data_msgs', 'ld_library_path_lib')
[13.146s] INFO:colcon.colcon_core.shell:Creating environment hook '/mnt/nas/projects/robot/pika_ros/install/data_msgs/share/data_msgs/hook/ld_library_path_lib.ps1'
[13.147s] INFO:colcon.colcon_core.shell:Creating environment descriptor '/mnt/nas/projects/robot/pika_ros/install/data_msgs/share/data_msgs/hook/ld_library_path_lib.dsv'
[13.148s] INFO:colcon.colcon_core.shell:Creating environment hook '/mnt/nas/projects/robot/pika_ros/install/data_msgs/share/data_msgs/hook/ld_library_path_lib.sh'
[13.149s] Level 1:colcon.colcon_core.environment:checking '/mnt/nas/projects/robot/pika_ros/install/data_msgs/bin'
[13.149s] Level 1:colcon.colcon_core.environment:checking '/mnt/nas/projects/robot/pika_ros/install/data_msgs/lib/pkgconfig/data_msgs.pc'
[13.149s] Level 1:colcon.colcon_core.environment:checking '/mnt/nas/projects/robot/pika_ros/install/data_msgs/lib/python3.10/site-packages'
[13.150s] Level 1:colcon.colcon_core.environment:checking '/mnt/nas/projects/robot/pika_ros/install/data_msgs/bin'
[13.150s] INFO:colcon.colcon_core.shell:Creating package script '/mnt/nas/projects/robot/pika_ros/install/data_msgs/share/data_msgs/package.ps1'
[13.151s] INFO:colcon.colcon_core.shell:Creating package descriptor '/mnt/nas/projects/robot/pika_ros/install/data_msgs/share/data_msgs/package.dsv'
[13.152s] INFO:colcon.colcon_core.shell:Creating package script '/mnt/nas/projects/robot/pika_ros/install/data_msgs/share/data_msgs/package.sh'
[13.153s] INFO:colcon.colcon_core.shell:Creating package script '/mnt/nas/projects/robot/pika_ros/install/data_msgs/share/data_msgs/package.bash'
[13.154s] INFO:colcon.colcon_core.shell:Creating package script '/mnt/nas/projects/robot/pika_ros/install/data_msgs/share/data_msgs/package.zsh'
[13.155s] Level 1:colcon.colcon_core.environment:create_file_with_runtime_dependencies(/mnt/nas/projects/robot/pika_ros/install/data_msgs/share/colcon-core/packages/data_msgs)
[13.156s] Level 1:colcon.colcon_core.environment:create_environment_scripts_only(data_msgs)
[13.156s] Level 1:colcon.colcon_core.environment:checking '/mnt/nas/projects/robot/pika_ros/install/data_msgs' for CMake module files
[13.157s] Level 1:colcon.colcon_core.environment:checking '/mnt/nas/projects/robot/pika_ros/install/data_msgs' for CMake config files
[13.158s] Level 1:colcon.colcon_core.shell:create_environment_hook('data_msgs', 'cmake_prefix_path')
[13.159s] INFO:colcon.colcon_core.shell:Creating environment hook '/mnt/nas/projects/robot/pika_ros/install/data_msgs/share/data_msgs/hook/cmake_prefix_path.ps1'
[13.160s] INFO:colcon.colcon_core.shell:Creating environment descriptor '/mnt/nas/projects/robot/pika_ros/install/data_msgs/share/data_msgs/hook/cmake_prefix_path.dsv'
[13.160s] INFO:colcon.colcon_core.shell:Creating environment hook '/mnt/nas/projects/robot/pika_ros/install/data_msgs/share/data_msgs/hook/cmake_prefix_path.sh'
[13.161s] Level 1:colcon.colcon_core.environment:checking '/mnt/nas/projects/robot/pika_ros/install/data_msgs/lib'
[13.162s] Level 1:colcon.colcon_core.shell:create_environment_hook('data_msgs', 'ld_library_path_lib')
[13.162s] INFO:colcon.colcon_core.shell:Creating environment hook '/mnt/nas/projects/robot/pika_ros/install/data_msgs/share/data_msgs/hook/ld_library_path_lib.ps1'
[13.162s] INFO:colcon.colcon_core.shell:Creating environment descriptor '/mnt/nas/projects/robot/pika_ros/install/data_msgs/share/data_msgs/hook/ld_library_path_lib.dsv'
[13.163s] INFO:colcon.colcon_core.shell:Creating environment hook '/mnt/nas/projects/robot/pika_ros/install/data_msgs/share/data_msgs/hook/ld_library_path_lib.sh'
[13.164s] Level 1:colcon.colcon_core.environment:checking '/mnt/nas/projects/robot/pika_ros/install/data_msgs/bin'
[13.164s] Level 1:colcon.colcon_core.environment:checking '/mnt/nas/projects/robot/pika_ros/install/data_msgs/lib/pkgconfig/data_msgs.pc'
[13.165s] Level 1:colcon.colcon_core.environment:checking '/mnt/nas/projects/robot/pika_ros/install/data_msgs/lib/python3.10/site-packages'
[13.165s] Level 1:colcon.colcon_core.environment:checking '/mnt/nas/projects/robot/pika_ros/install/data_msgs/bin'
[13.165s] INFO:colcon.colcon_core.shell:Creating package script '/mnt/nas/projects/robot/pika_ros/install/data_msgs/share/data_msgs/package.ps1'
[13.166s] INFO:colcon.colcon_core.shell:Creating package descriptor '/mnt/nas/projects/robot/pika_ros/install/data_msgs/share/data_msgs/package.dsv'
[13.167s] INFO:colcon.colcon_core.shell:Creating package script '/mnt/nas/projects/robot/pika_ros/install/data_msgs/share/data_msgs/package.sh'
[13.168s] INFO:colcon.colcon_core.shell:Creating package script '/mnt/nas/projects/robot/pika_ros/install/data_msgs/share/data_msgs/package.bash'
[13.169s] INFO:colcon.colcon_core.shell:Creating package script '/mnt/nas/projects/robot/pika_ros/install/data_msgs/share/data_msgs/package.zsh'
[13.170s] Level 1:colcon.colcon_core.environment:create_file_with_runtime_dependencies(/mnt/nas/projects/robot/pika_ros/install/data_msgs/share/colcon-core/packages/data_msgs)
[13.735s] DEBUG:colcon.colcon_core.event_handler.log_command:Invoked command in '/mnt/nas/projects/robot/pika_ros/build/realsense2_description' returned '0': CMAKE_PREFIX_PATH=/mnt/nas/projects/robot/pika_ros/install/realsense2_camera_msgs:/mnt/nas/projects/robot/pika_ros/install/sensor_tools:/mnt/nas/projects/robot/pika_ros/install/realsense2_description:/mnt/nas/projects/robot/pika_ros/install/realsense2_camera:/mnt/nas/projects/robot/pika_ros/install/piper_msgs:/mnt/nas/projects/robot/pika_ros/install/piper_description:/mnt/nas/projects/robot/pika_ros/install/pika_remote_piper:/mnt/nas/projects/robot/pika_ros/install/pika_locator:/mnt/nas/projects/robot/pika_ros/install/data_tools:/mnt/nas/projects/robot/pika_ros/install/data_msgs:/mnt/nas/projects/robot/pika_ros/install/pika_remote_diana:/mnt/nas/projects/robot/pika_ros/install/piper:/opt/ros/humble LD_LIBRARY_PATH=/mnt/nas/projects/robot/pika_ros/install/realsense2_camera_msgs/lib:/mnt/nas/projects/robot/pika_ros/install/realsense2_camera/lib:/mnt/nas/projects/robot/pika_ros/install/piper_msgs/lib:/mnt/nas/projects/robot/pika_ros/install/pika_locator/lib:/mnt/nas/projects/robot/pika_ros/install/libsurvive/lib:/mnt/nas/projects/robot/pika_ros/install/data_msgs/lib:/opt/ros/humble/opt/rviz_ogre_vendor/lib:/opt/ros/humble/lib/x86_64-linux-gnu:/opt/ros/humble/lib /usr/bin/cmake /mnt/nas/projects/robot/pika_ros/src/realsense-ros/realsense2_description -DCMAKE_INSTALL_PREFIX=/mnt/nas/projects/robot/pika_ros/install/realsense2_description
[13.741s] DEBUG:colcon.colcon_core.event_handler.log_command:Invoking command in '/mnt/nas/projects/robot/pika_ros/build/realsense2_description': CMAKE_PREFIX_PATH=/mnt/nas/projects/robot/pika_ros/install/realsense2_camera_msgs:/mnt/nas/projects/robot/pika_ros/install/sensor_tools:/mnt/nas/projects/robot/pika_ros/install/realsense2_description:/mnt/nas/projects/robot/pika_ros/install/realsense2_camera:/mnt/nas/projects/robot/pika_ros/install/piper_msgs:/mnt/nas/projects/robot/pika_ros/install/piper_description:/mnt/nas/projects/robot/pika_ros/install/pika_remote_piper:/mnt/nas/projects/robot/pika_ros/install/pika_locator:/mnt/nas/projects/robot/pika_ros/install/data_tools:/mnt/nas/projects/robot/pika_ros/install/data_msgs:/mnt/nas/projects/robot/pika_ros/install/pika_remote_diana:/mnt/nas/projects/robot/pika_ros/install/piper:/opt/ros/humble LD_LIBRARY_PATH=/mnt/nas/projects/robot/pika_ros/install/realsense2_camera_msgs/lib:/mnt/nas/projects/robot/pika_ros/install/realsense2_camera/lib:/mnt/nas/projects/robot/pika_ros/install/piper_msgs/lib:/mnt/nas/projects/robot/pika_ros/install/pika_locator/lib:/mnt/nas/projects/robot/pika_ros/install/libsurvive/lib:/mnt/nas/projects/robot/pika_ros/install/data_msgs/lib:/opt/ros/humble/opt/rviz_ogre_vendor/lib:/opt/ros/humble/lib/x86_64-linux-gnu:/opt/ros/humble/lib /usr/bin/cmake --build /mnt/nas/projects/robot/pika_ros/build/realsense2_description -- -j128 -l128
[13.799s] DEBUG:colcon.colcon_core.event_handler.log_command:Invoked command in '/mnt/nas/projects/robot/pika_ros/build/realsense2_description' returned '0': CMAKE_PREFIX_PATH=/mnt/nas/projects/robot/pika_ros/install/realsense2_camera_msgs:/mnt/nas/projects/robot/pika_ros/install/sensor_tools:/mnt/nas/projects/robot/pika_ros/install/realsense2_description:/mnt/nas/projects/robot/pika_ros/install/realsense2_camera:/mnt/nas/projects/robot/pika_ros/install/piper_msgs:/mnt/nas/projects/robot/pika_ros/install/piper_description:/mnt/nas/projects/robot/pika_ros/install/pika_remote_piper:/mnt/nas/projects/robot/pika_ros/install/pika_locator:/mnt/nas/projects/robot/pika_ros/install/data_tools:/mnt/nas/projects/robot/pika_ros/install/data_msgs:/mnt/nas/projects/robot/pika_ros/install/pika_remote_diana:/mnt/nas/projects/robot/pika_ros/install/piper:/opt/ros/humble LD_LIBRARY_PATH=/mnt/nas/projects/robot/pika_ros/install/realsense2_camera_msgs/lib:/mnt/nas/projects/robot/pika_ros/install/realsense2_camera/lib:/mnt/nas/projects/robot/pika_ros/install/piper_msgs/lib:/mnt/nas/projects/robot/pika_ros/install/pika_locator/lib:/mnt/nas/projects/robot/pika_ros/install/libsurvive/lib:/mnt/nas/projects/robot/pika_ros/install/data_msgs/lib:/opt/ros/humble/opt/rviz_ogre_vendor/lib:/opt/ros/humble/lib/x86_64-linux-gnu:/opt/ros/humble/lib /usr/bin/cmake --build /mnt/nas/projects/robot/pika_ros/build/realsense2_description -- -j128 -l128
[13.806s] DEBUG:colcon.colcon_core.event_handler.log_command:Invoking command in '/mnt/nas/projects/robot/pika_ros/build/realsense2_description': CMAKE_PREFIX_PATH=/mnt/nas/projects/robot/pika_ros/install/realsense2_camera_msgs:/mnt/nas/projects/robot/pika_ros/install/sensor_tools:/mnt/nas/projects/robot/pika_ros/install/realsense2_description:/mnt/nas/projects/robot/pika_ros/install/realsense2_camera:/mnt/nas/projects/robot/pika_ros/install/piper_msgs:/mnt/nas/projects/robot/pika_ros/install/piper_description:/mnt/nas/projects/robot/pika_ros/install/pika_remote_piper:/mnt/nas/projects/robot/pika_ros/install/pika_locator:/mnt/nas/projects/robot/pika_ros/install/data_tools:/mnt/nas/projects/robot/pika_ros/install/data_msgs:/mnt/nas/projects/robot/pika_ros/install/pika_remote_diana:/mnt/nas/projects/robot/pika_ros/install/piper:/opt/ros/humble LD_LIBRARY_PATH=/mnt/nas/projects/robot/pika_ros/install/realsense2_camera_msgs/lib:/mnt/nas/projects/robot/pika_ros/install/realsense2_camera/lib:/mnt/nas/projects/robot/pika_ros/install/piper_msgs/lib:/mnt/nas/projects/robot/pika_ros/install/pika_locator/lib:/mnt/nas/projects/robot/pika_ros/install/libsurvive/lib:/mnt/nas/projects/robot/pika_ros/install/data_msgs/lib:/opt/ros/humble/opt/rviz_ogre_vendor/lib:/opt/ros/humble/lib/x86_64-linux-gnu:/opt/ros/humble/lib /usr/bin/cmake --install /mnt/nas/projects/robot/pika_ros/build/realsense2_description
[14.594s] Level 1:colcon.colcon_core.environment:create_environment_scripts_only(realsense2_description)
[14.595s] Level 1:colcon.colcon_core.environment:checking '/mnt/nas/projects/robot/pika_ros/install/realsense2_description' for CMake module files
[14.596s] DEBUG:colcon.colcon_core.event_handler.log_command:Invoked command in '/mnt/nas/projects/robot/pika_ros/build/realsense2_description' returned '0': CMAKE_PREFIX_PATH=/mnt/nas/projects/robot/pika_ros/install/realsense2_camera_msgs:/mnt/nas/projects/robot/pika_ros/install/sensor_tools:/mnt/nas/projects/robot/pika_ros/install/realsense2_description:/mnt/nas/projects/robot/pika_ros/install/realsense2_camera:/mnt/nas/projects/robot/pika_ros/install/piper_msgs:/mnt/nas/projects/robot/pika_ros/install/piper_description:/mnt/nas/projects/robot/pika_ros/install/pika_remote_piper:/mnt/nas/projects/robot/pika_ros/install/pika_locator:/mnt/nas/projects/robot/pika_ros/install/data_tools:/mnt/nas/projects/robot/pika_ros/install/data_msgs:/mnt/nas/projects/robot/pika_ros/install/pika_remote_diana:/mnt/nas/projects/robot/pika_ros/install/piper:/opt/ros/humble LD_LIBRARY_PATH=/mnt/nas/projects/robot/pika_ros/install/realsense2_camera_msgs/lib:/mnt/nas/projects/robot/pika_ros/install/realsense2_camera/lib:/mnt/nas/projects/robot/pika_ros/install/piper_msgs/lib:/mnt/nas/projects/robot/pika_ros/install/pika_locator/lib:/mnt/nas/projects/robot/pika_ros/install/libsurvive/lib:/mnt/nas/projects/robot/pika_ros/install/data_msgs/lib:/opt/ros/humble/opt/rviz_ogre_vendor/lib:/opt/ros/humble/lib/x86_64-linux-gnu:/opt/ros/humble/lib /usr/bin/cmake --install /mnt/nas/projects/robot/pika_ros/build/realsense2_description
[14.598s] Level 1:colcon.colcon_core.environment:checking '/mnt/nas/projects/robot/pika_ros/install/realsense2_description' for CMake config files
[14.600s] Level 1:colcon.colcon_core.shell:create_environment_hook('realsense2_description', 'cmake_prefix_path')
[14.600s] INFO:colcon.colcon_core.shell:Creating environment hook '/mnt/nas/projects/robot/pika_ros/install/realsense2_description/share/realsense2_description/hook/cmake_prefix_path.ps1'
[14.601s] INFO:colcon.colcon_core.shell:Creating environment descriptor '/mnt/nas/projects/robot/pika_ros/install/realsense2_description/share/realsense2_description/hook/cmake_prefix_path.dsv'
[14.603s] INFO:colcon.colcon_core.shell:Creating environment hook '/mnt/nas/projects/robot/pika_ros/install/realsense2_description/share/realsense2_description/hook/cmake_prefix_path.sh'
[14.604s] Level 1:colcon.colcon_core.environment:checking '/mnt/nas/projects/robot/pika_ros/install/realsense2_description/bin'
[14.604s] Level 1:colcon.colcon_core.environment:checking '/mnt/nas/projects/robot/pika_ros/install/realsense2_description/lib/pkgconfig/realsense2_description.pc'
[14.604s] Level 1:colcon.colcon_core.environment:checking '/mnt/nas/projects/robot/pika_ros/install/realsense2_description/lib/python3.10/site-packages'
[14.605s] Level 1:colcon.colcon_core.environment:checking '/mnt/nas/projects/robot/pika_ros/install/realsense2_description/bin'
[14.605s] INFO:colcon.colcon_core.shell:Creating package script '/mnt/nas/projects/robot/pika_ros/install/realsense2_description/share/realsense2_description/package.ps1'
[14.606s] INFO:colcon.colcon_core.shell:Creating package descriptor '/mnt/nas/projects/robot/pika_ros/install/realsense2_description/share/realsense2_description/package.dsv'
[14.607s] INFO:colcon.colcon_core.shell:Creating package script '/mnt/nas/projects/robot/pika_ros/install/realsense2_description/share/realsense2_description/package.sh'
[14.608s] INFO:colcon.colcon_core.shell:Creating package script '/mnt/nas/projects/robot/pika_ros/install/realsense2_description/share/realsense2_description/package.bash'
[14.609s] INFO:colcon.colcon_core.shell:Creating package script '/mnt/nas/projects/robot/pika_ros/install/realsense2_description/share/realsense2_description/package.zsh'
[14.610s] Level 1:colcon.colcon_core.environment:create_file_with_runtime_dependencies(/mnt/nas/projects/robot/pika_ros/install/realsense2_description/share/colcon-core/packages/realsense2_description)
[14.611s] Level 1:colcon.colcon_core.environment:create_environment_scripts_only(realsense2_description)
[14.611s] Level 1:colcon.colcon_core.environment:checking '/mnt/nas/projects/robot/pika_ros/install/realsense2_description' for CMake module files
[14.612s] Level 1:colcon.colcon_core.environment:checking '/mnt/nas/projects/robot/pika_ros/install/realsense2_description' for CMake config files
[14.612s] Level 1:colcon.colcon_core.shell:create_environment_hook('realsense2_description', 'cmake_prefix_path')
[14.613s] INFO:colcon.colcon_core.shell:Creating environment hook '/mnt/nas/projects/robot/pika_ros/install/realsense2_description/share/realsense2_description/hook/cmake_prefix_path.ps1'
[14.613s] INFO:colcon.colcon_core.shell:Creating environment descriptor '/mnt/nas/projects/robot/pika_ros/install/realsense2_description/share/realsense2_description/hook/cmake_prefix_path.dsv'
[14.614s] INFO:colcon.colcon_core.shell:Creating environment hook '/mnt/nas/projects/robot/pika_ros/install/realsense2_description/share/realsense2_description/hook/cmake_prefix_path.sh'
[14.615s] Level 1:colcon.colcon_core.environment:checking '/mnt/nas/projects/robot/pika_ros/install/realsense2_description/bin'
[14.615s] Level 1:colcon.colcon_core.environment:checking '/mnt/nas/projects/robot/pika_ros/install/realsense2_description/lib/pkgconfig/realsense2_description.pc'
[14.615s] Level 1:colcon.colcon_core.environment:checking '/mnt/nas/projects/robot/pika_ros/install/realsense2_description/lib/python3.10/site-packages'
[14.616s] Level 1:colcon.colcon_core.environment:checking '/mnt/nas/projects/robot/pika_ros/install/realsense2_description/bin'
[14.616s] INFO:colcon.colcon_core.shell:Creating package script '/mnt/nas/projects/robot/pika_ros/install/realsense2_description/share/realsense2_description/package.ps1'
[14.617s] INFO:colcon.colcon_core.shell:Creating package descriptor '/mnt/nas/projects/robot/pika_ros/install/realsense2_description/share/realsense2_description/package.dsv'
[14.618s] INFO:colcon.colcon_core.shell:Creating package script '/mnt/nas/projects/robot/pika_ros/install/realsense2_description/share/realsense2_description/package.sh'
[14.618s] INFO:colcon.colcon_core.shell:Creating package script '/mnt/nas/projects/robot/pika_ros/install/realsense2_description/share/realsense2_description/package.bash'
[14.619s] INFO:colcon.colcon_core.shell:Creating package script '/mnt/nas/projects/robot/pika_ros/install/realsense2_description/share/realsense2_description/package.zsh'
[14.620s] Level 1:colcon.colcon_core.environment:create_file_with_runtime_dependencies(/mnt/nas/projects/robot/pika_ros/install/realsense2_description/share/colcon-core/packages/realsense2_description)
[20.328s] DEBUG:colcon.colcon_core.event_handler.log_command:Invoked command in '/mnt/nas/projects/robot/pika_ros/build/realsense2_camera' returned '0': CMAKE_PREFIX_PATH=/mnt/nas/projects/robot/pika_ros/install/realsense2_camera_msgs:/mnt/nas/projects/robot/pika_ros/install/sensor_tools:/mnt/nas/projects/robot/pika_ros/install/realsense2_description:/mnt/nas/projects/robot/pika_ros/install/realsense2_camera:/mnt/nas/projects/robot/pika_ros/install/piper_msgs:/mnt/nas/projects/robot/pika_ros/install/piper_description:/mnt/nas/projects/robot/pika_ros/install/pika_remote_piper:/mnt/nas/projects/robot/pika_ros/install/pika_locator:/mnt/nas/projects/robot/pika_ros/install/data_tools:/mnt/nas/projects/robot/pika_ros/install/data_msgs:/mnt/nas/projects/robot/pika_ros/install/pika_remote_diana:/mnt/nas/projects/robot/pika_ros/install/piper:/opt/ros/humble LD_LIBRARY_PATH=/mnt/nas/projects/robot/pika_ros/install/realsense2_camera_msgs/lib:/mnt/nas/projects/robot/pika_ros/install/realsense2_camera/lib:/mnt/nas/projects/robot/pika_ros/install/piper_msgs/lib:/mnt/nas/projects/robot/pika_ros/install/pika_locator/lib:/mnt/nas/projects/robot/pika_ros/install/libsurvive/lib:/mnt/nas/projects/robot/pika_ros/install/data_msgs/lib:/opt/ros/humble/opt/rviz_ogre_vendor/lib:/opt/ros/humble/lib/x86_64-linux-gnu:/opt/ros/humble/lib /usr/bin/cmake /mnt/nas/projects/robot/pika_ros/src/realsense-ros/realsense2_camera -DCMAKE_INSTALL_PREFIX=/mnt/nas/projects/robot/pika_ros/install/realsense2_camera
[20.335s] DEBUG:colcon.colcon_core.event_handler.log_command:Invoking command in '/mnt/nas/projects/robot/pika_ros/build/realsense2_camera': CMAKE_PREFIX_PATH=/mnt/nas/projects/robot/pika_ros/install/realsense2_camera_msgs:/mnt/nas/projects/robot/pika_ros/install/sensor_tools:/mnt/nas/projects/robot/pika_ros/install/realsense2_description:/mnt/nas/projects/robot/pika_ros/install/realsense2_camera:/mnt/nas/projects/robot/pika_ros/install/piper_msgs:/mnt/nas/projects/robot/pika_ros/install/piper_description:/mnt/nas/projects/robot/pika_ros/install/pika_remote_piper:/mnt/nas/projects/robot/pika_ros/install/pika_locator:/mnt/nas/projects/robot/pika_ros/install/data_tools:/mnt/nas/projects/robot/pika_ros/install/data_msgs:/mnt/nas/projects/robot/pika_ros/install/pika_remote_diana:/mnt/nas/projects/robot/pika_ros/install/piper:/opt/ros/humble LD_LIBRARY_PATH=/mnt/nas/projects/robot/pika_ros/install/realsense2_camera_msgs/lib:/mnt/nas/projects/robot/pika_ros/install/realsense2_camera/lib:/mnt/nas/projects/robot/pika_ros/install/piper_msgs/lib:/mnt/nas/projects/robot/pika_ros/install/pika_locator/lib:/mnt/nas/projects/robot/pika_ros/install/libsurvive/lib:/mnt/nas/projects/robot/pika_ros/install/data_msgs/lib:/opt/ros/humble/opt/rviz_ogre_vendor/lib:/opt/ros/humble/lib/x86_64-linux-gnu:/opt/ros/humble/lib /usr/bin/cmake --build /mnt/nas/projects/robot/pika_ros/build/realsense2_camera -- -j128 -l128
[33.640s] DEBUG:colcon.colcon_core.event_handler.log_command:Invoked command in '/mnt/nas/projects/robot/pika_ros/build/realsense2_camera' returned '0': CMAKE_PREFIX_PATH=/mnt/nas/projects/robot/pika_ros/install/realsense2_camera_msgs:/mnt/nas/projects/robot/pika_ros/install/sensor_tools:/mnt/nas/projects/robot/pika_ros/install/realsense2_description:/mnt/nas/projects/robot/pika_ros/install/realsense2_camera:/mnt/nas/projects/robot/pika_ros/install/piper_msgs:/mnt/nas/projects/robot/pika_ros/install/piper_description:/mnt/nas/projects/robot/pika_ros/install/pika_remote_piper:/mnt/nas/projects/robot/pika_ros/install/pika_locator:/mnt/nas/projects/robot/pika_ros/install/data_tools:/mnt/nas/projects/robot/pika_ros/install/data_msgs:/mnt/nas/projects/robot/pika_ros/install/pika_remote_diana:/mnt/nas/projects/robot/pika_ros/install/piper:/opt/ros/humble LD_LIBRARY_PATH=/mnt/nas/projects/robot/pika_ros/install/realsense2_camera_msgs/lib:/mnt/nas/projects/robot/pika_ros/install/realsense2_camera/lib:/mnt/nas/projects/robot/pika_ros/install/piper_msgs/lib:/mnt/nas/projects/robot/pika_ros/install/pika_locator/lib:/mnt/nas/projects/robot/pika_ros/install/libsurvive/lib:/mnt/nas/projects/robot/pika_ros/install/data_msgs/lib:/opt/ros/humble/opt/rviz_ogre_vendor/lib:/opt/ros/humble/lib/x86_64-linux-gnu:/opt/ros/humble/lib /usr/bin/cmake --build /mnt/nas/projects/robot/pika_ros/build/realsense2_camera -- -j128 -l128
[33.646s] DEBUG:colcon.colcon_core.event_handler.log_command:Invoking command in '/mnt/nas/projects/robot/pika_ros/build/realsense2_camera': CMAKE_PREFIX_PATH=/mnt/nas/projects/robot/pika_ros/install/realsense2_camera_msgs:/mnt/nas/projects/robot/pika_ros/install/sensor_tools:/mnt/nas/projects/robot/pika_ros/install/realsense2_description:/mnt/nas/projects/robot/pika_ros/install/realsense2_camera:/mnt/nas/projects/robot/pika_ros/install/piper_msgs:/mnt/nas/projects/robot/pika_ros/install/piper_description:/mnt/nas/projects/robot/pika_ros/install/pika_remote_piper:/mnt/nas/projects/robot/pika_ros/install/pika_locator:/mnt/nas/projects/robot/pika_ros/install/data_tools:/mnt/nas/projects/robot/pika_ros/install/data_msgs:/mnt/nas/projects/robot/pika_ros/install/pika_remote_diana:/mnt/nas/projects/robot/pika_ros/install/piper:/opt/ros/humble LD_LIBRARY_PATH=/mnt/nas/projects/robot/pika_ros/install/realsense2_camera_msgs/lib:/mnt/nas/projects/robot/pika_ros/install/realsense2_camera/lib:/mnt/nas/projects/robot/pika_ros/install/piper_msgs/lib:/mnt/nas/projects/robot/pika_ros/install/pika_locator/lib:/mnt/nas/projects/robot/pika_ros/install/libsurvive/lib:/mnt/nas/projects/robot/pika_ros/install/data_msgs/lib:/opt/ros/humble/opt/rviz_ogre_vendor/lib:/opt/ros/humble/lib/x86_64-linux-gnu:/opt/ros/humble/lib /usr/bin/cmake --install /mnt/nas/projects/robot/pika_ros/build/realsense2_camera
[33.778s] Level 1:colcon.colcon_core.environment:create_environment_scripts_only(realsense2_camera)
[33.779s] Level 1:colcon.colcon_core.environment:checking '/mnt/nas/projects/robot/pika_ros/install/realsense2_camera' for CMake module files
[33.780s] DEBUG:colcon.colcon_core.event_handler.log_command:Invoked command in '/mnt/nas/projects/robot/pika_ros/build/realsense2_camera' returned '0': CMAKE_PREFIX_PATH=/mnt/nas/projects/robot/pika_ros/install/realsense2_camera_msgs:/mnt/nas/projects/robot/pika_ros/install/sensor_tools:/mnt/nas/projects/robot/pika_ros/install/realsense2_description:/mnt/nas/projects/robot/pika_ros/install/realsense2_camera:/mnt/nas/projects/robot/pika_ros/install/piper_msgs:/mnt/nas/projects/robot/pika_ros/install/piper_description:/mnt/nas/projects/robot/pika_ros/install/pika_remote_piper:/mnt/nas/projects/robot/pika_ros/install/pika_locator:/mnt/nas/projects/robot/pika_ros/install/data_tools:/mnt/nas/projects/robot/pika_ros/install/data_msgs:/mnt/nas/projects/robot/pika_ros/install/pika_remote_diana:/mnt/nas/projects/robot/pika_ros/install/piper:/opt/ros/humble LD_LIBRARY_PATH=/mnt/nas/projects/robot/pika_ros/install/realsense2_camera_msgs/lib:/mnt/nas/projects/robot/pika_ros/install/realsense2_camera/lib:/mnt/nas/projects/robot/pika_ros/install/piper_msgs/lib:/mnt/nas/projects/robot/pika_ros/install/pika_locator/lib:/mnt/nas/projects/robot/pika_ros/install/libsurvive/lib:/mnt/nas/projects/robot/pika_ros/install/data_msgs/lib:/opt/ros/humble/opt/rviz_ogre_vendor/lib:/opt/ros/humble/lib/x86_64-linux-gnu:/opt/ros/humble/lib /usr/bin/cmake --install /mnt/nas/projects/robot/pika_ros/build/realsense2_camera
[33.782s] Level 1:colcon.colcon_core.environment:checking '/mnt/nas/projects/robot/pika_ros/install/realsense2_camera' for CMake config files
[33.786s] Level 1:colcon.colcon_core.shell:create_environment_hook('realsense2_camera', 'cmake_prefix_path')
[33.786s] INFO:colcon.colcon_core.shell:Creating environment hook '/mnt/nas/projects/robot/pika_ros/install/realsense2_camera/share/realsense2_camera/hook/cmake_prefix_path.ps1'
[33.787s] INFO:colcon.colcon_core.shell:Creating environment descriptor '/mnt/nas/projects/robot/pika_ros/install/realsense2_camera/share/realsense2_camera/hook/cmake_prefix_path.dsv'
[33.788s] INFO:colcon.colcon_core.shell:Creating environment hook '/mnt/nas/projects/robot/pika_ros/install/realsense2_camera/share/realsense2_camera/hook/cmake_prefix_path.sh'
[33.790s] Level 1:colcon.colcon_core.environment:checking '/mnt/nas/projects/robot/pika_ros/install/realsense2_camera/lib'
[33.790s] Level 1:colcon.colcon_core.shell:create_environment_hook('realsense2_camera', 'ld_library_path_lib')
[33.790s] INFO:colcon.colcon_core.shell:Creating environment hook '/mnt/nas/projects/robot/pika_ros/install/realsense2_camera/share/realsense2_camera/hook/ld_library_path_lib.ps1'
[33.791s] INFO:colcon.colcon_core.shell:Creating environment descriptor '/mnt/nas/projects/robot/pika_ros/install/realsense2_camera/share/realsense2_camera/hook/ld_library_path_lib.dsv'
[33.792s] INFO:colcon.colcon_core.shell:Creating environment hook '/mnt/nas/projects/robot/pika_ros/install/realsense2_camera/share/realsense2_camera/hook/ld_library_path_lib.sh'
[33.793s] Level 1:colcon.colcon_core.environment:checking '/mnt/nas/projects/robot/pika_ros/install/realsense2_camera/bin'
[33.793s] Level 1:colcon.colcon_core.environment:checking '/mnt/nas/projects/robot/pika_ros/install/realsense2_camera/lib/pkgconfig/realsense2_camera.pc'
[33.793s] Level 1:colcon.colcon_core.environment:checking '/mnt/nas/projects/robot/pika_ros/install/realsense2_camera/lib/python3.10/site-packages'
[33.793s] Level 1:colcon.colcon_core.environment:checking '/mnt/nas/projects/robot/pika_ros/install/realsense2_camera/bin'
[33.794s] INFO:colcon.colcon_core.shell:Creating package script '/mnt/nas/projects/robot/pika_ros/install/realsense2_camera/share/realsense2_camera/package.ps1'
[33.795s] INFO:colcon.colcon_core.shell:Creating package descriptor '/mnt/nas/projects/robot/pika_ros/install/realsense2_camera/share/realsense2_camera/package.dsv'
[33.795s] INFO:colcon.colcon_core.shell:Creating package script '/mnt/nas/projects/robot/pika_ros/install/realsense2_camera/share/realsense2_camera/package.sh'
[33.796s] INFO:colcon.colcon_core.shell:Creating package script '/mnt/nas/projects/robot/pika_ros/install/realsense2_camera/share/realsense2_camera/package.bash'
[33.797s] INFO:colcon.colcon_core.shell:Creating package script '/mnt/nas/projects/robot/pika_ros/install/realsense2_camera/share/realsense2_camera/package.zsh'
[33.798s] Level 1:colcon.colcon_core.environment:create_file_with_runtime_dependencies(/mnt/nas/projects/robot/pika_ros/install/realsense2_camera/share/colcon-core/packages/realsense2_camera)
[33.799s] Level 1:colcon.colcon_core.environment:create_environment_scripts_only(realsense2_camera)
[33.799s] Level 1:colcon.colcon_core.environment:checking '/mnt/nas/projects/robot/pika_ros/install/realsense2_camera' for CMake module files
[33.800s] Level 1:colcon.colcon_core.environment:checking '/mnt/nas/projects/robot/pika_ros/install/realsense2_camera' for CMake config files
[33.802s] Level 1:colcon.colcon_core.shell:create_environment_hook('realsense2_camera', 'cmake_prefix_path')
[33.802s] INFO:colcon.colcon_core.shell:Creating environment hook '/mnt/nas/projects/robot/pika_ros/install/realsense2_camera/share/realsense2_camera/hook/cmake_prefix_path.ps1'
[33.803s] INFO:colcon.colcon_core.shell:Creating environment descriptor '/mnt/nas/projects/robot/pika_ros/install/realsense2_camera/share/realsense2_camera/hook/cmake_prefix_path.dsv'
[33.803s] INFO:colcon.colcon_core.shell:Creating environment hook '/mnt/nas/projects/robot/pika_ros/install/realsense2_camera/share/realsense2_camera/hook/cmake_prefix_path.sh'
[33.805s] Level 1:colcon.colcon_core.environment:checking '/mnt/nas/projects/robot/pika_ros/install/realsense2_camera/lib'
[33.805s] Level 1:colcon.colcon_core.shell:create_environment_hook('realsense2_camera', 'ld_library_path_lib')
[33.805s] INFO:colcon.colcon_core.shell:Creating environment hook '/mnt/nas/projects/robot/pika_ros/install/realsense2_camera/share/realsense2_camera/hook/ld_library_path_lib.ps1'
[33.806s] INFO:colcon.colcon_core.shell:Creating environment descriptor '/mnt/nas/projects/robot/pika_ros/install/realsense2_camera/share/realsense2_camera/hook/ld_library_path_lib.dsv'
[33.806s] INFO:colcon.colcon_core.shell:Creating environment hook '/mnt/nas/projects/robot/pika_ros/install/realsense2_camera/share/realsense2_camera/hook/ld_library_path_lib.sh'
[33.807s] Level 1:colcon.colcon_core.environment:checking '/mnt/nas/projects/robot/pika_ros/install/realsense2_camera/bin'
[33.807s] Level 1:colcon.colcon_core.environment:checking '/mnt/nas/projects/robot/pika_ros/install/realsense2_camera/lib/pkgconfig/realsense2_camera.pc'
[33.807s] Level 1:colcon.colcon_core.environment:checking '/mnt/nas/projects/robot/pika_ros/install/realsense2_camera/lib/python3.10/site-packages'
[33.808s] Level 1:colcon.colcon_core.environment:checking '/mnt/nas/projects/robot/pika_ros/install/realsense2_camera/bin'
[33.808s] INFO:colcon.colcon_core.shell:Creating package script '/mnt/nas/projects/robot/pika_ros/install/realsense2_camera/share/realsense2_camera/package.ps1'
[33.809s] INFO:colcon.colcon_core.shell:Creating package descriptor '/mnt/nas/projects/robot/pika_ros/install/realsense2_camera/share/realsense2_camera/package.dsv'
[33.810s] INFO:colcon.colcon_core.shell:Creating package script '/mnt/nas/projects/robot/pika_ros/install/realsense2_camera/share/realsense2_camera/package.sh'
[33.811s] INFO:colcon.colcon_core.shell:Creating package script '/mnt/nas/projects/robot/pika_ros/install/realsense2_camera/share/realsense2_camera/package.bash'
[33.812s] INFO:colcon.colcon_core.shell:Creating package script '/mnt/nas/projects/robot/pika_ros/install/realsense2_camera/share/realsense2_camera/package.zsh'
[33.813s] Level 1:colcon.colcon_core.environment:create_file_with_runtime_dependencies(/mnt/nas/projects/robot/pika_ros/install/realsense2_camera/share/colcon-core/packages/realsense2_camera)
[37.330s] DEBUG:colcon.colcon_core.event_handler.log_command:Invoked command in '/mnt/nas/projects/robot/pika_ros/build/sensor_tools' returned '0': CMAKE_PREFIX_PATH=${CMAKE_PREFIX_PATH}:/mnt/nas/projects/robot/pika_ros/install/pika_remote_diana:/mnt/nas/projects/robot/pika_ros/install/piper:/opt/ros/humble /usr/bin/cmake --build /mnt/nas/projects/robot/pika_ros/build/sensor_tools -- -j128 -l128
[37.336s] DEBUG:colcon.colcon_core.event_handler.log_command:Invoking command in '/mnt/nas/projects/robot/pika_ros/build/sensor_tools': CMAKE_PREFIX_PATH=${CMAKE_PREFIX_PATH}:/mnt/nas/projects/robot/pika_ros/install/pika_remote_diana:/mnt/nas/projects/robot/pika_ros/install/piper:/opt/ros/humble /usr/bin/cmake --install /mnt/nas/projects/robot/pika_ros/build/sensor_tools
[37.534s] Level 1:colcon.colcon_core.environment:create_environment_scripts_only(sensor_tools)
[37.534s] DEBUG:colcon.colcon_core.event_handler.log_command:Invoked command in '/mnt/nas/projects/robot/pika_ros/build/sensor_tools' returned '0': CMAKE_PREFIX_PATH=${CMAKE_PREFIX_PATH}:/mnt/nas/projects/robot/pika_ros/install/pika_remote_diana:/mnt/nas/projects/robot/pika_ros/install/piper:/opt/ros/humble /usr/bin/cmake --install /mnt/nas/projects/robot/pika_ros/build/sensor_tools
[37.535s] Level 1:colcon.colcon_core.environment:checking '/mnt/nas/projects/robot/pika_ros/install/sensor_tools' for CMake module files
[37.537s] Level 1:colcon.colcon_core.environment:checking '/mnt/nas/projects/robot/pika_ros/install/sensor_tools' for CMake config files
[37.539s] Level 1:colcon.colcon_core.shell:create_environment_hook('sensor_tools', 'cmake_prefix_path')
[37.539s] INFO:colcon.colcon_core.shell:Creating environment hook '/mnt/nas/projects/robot/pika_ros/install/sensor_tools/share/sensor_tools/hook/cmake_prefix_path.ps1'
[37.540s] INFO:colcon.colcon_core.shell:Creating environment descriptor '/mnt/nas/projects/robot/pika_ros/install/sensor_tools/share/sensor_tools/hook/cmake_prefix_path.dsv'
[37.541s] INFO:colcon.colcon_core.shell:Creating environment hook '/mnt/nas/projects/robot/pika_ros/install/sensor_tools/share/sensor_tools/hook/cmake_prefix_path.sh'
[37.542s] Level 1:colcon.colcon_core.environment:checking '/mnt/nas/projects/robot/pika_ros/install/sensor_tools/lib'
[37.543s] Level 1:colcon.colcon_core.environment:checking '/mnt/nas/projects/robot/pika_ros/install/sensor_tools/bin'
[37.543s] Level 1:colcon.colcon_core.environment:checking '/mnt/nas/projects/robot/pika_ros/install/sensor_tools/lib/pkgconfig/sensor_tools.pc'
[37.543s] Level 1:colcon.colcon_core.environment:checking '/mnt/nas/projects/robot/pika_ros/install/sensor_tools/lib/python3.10/site-packages'
[37.543s] Level 1:colcon.colcon_core.environment:checking '/mnt/nas/projects/robot/pika_ros/install/sensor_tools/bin'
[37.544s] INFO:colcon.colcon_core.shell:Creating package script '/mnt/nas/projects/robot/pika_ros/install/sensor_tools/share/sensor_tools/package.ps1'
[37.545s] INFO:colcon.colcon_core.shell:Creating package descriptor '/mnt/nas/projects/robot/pika_ros/install/sensor_tools/share/sensor_tools/package.dsv'
[37.546s] INFO:colcon.colcon_core.shell:Creating package script '/mnt/nas/projects/robot/pika_ros/install/sensor_tools/share/sensor_tools/package.sh'
[37.546s] INFO:colcon.colcon_core.shell:Creating package script '/mnt/nas/projects/robot/pika_ros/install/sensor_tools/share/sensor_tools/package.bash'
[37.547s] INFO:colcon.colcon_core.shell:Creating package script '/mnt/nas/projects/robot/pika_ros/install/sensor_tools/share/sensor_tools/package.zsh'
[37.548s] Level 1:colcon.colcon_core.environment:create_file_with_runtime_dependencies(/mnt/nas/projects/robot/pika_ros/install/sensor_tools/share/colcon-core/packages/sensor_tools)
[37.549s] Level 1:colcon.colcon_core.environment:create_environment_scripts_only(sensor_tools)
[37.549s] Level 1:colcon.colcon_core.environment:checking '/mnt/nas/projects/robot/pika_ros/install/sensor_tools' for CMake module files
[37.550s] Level 1:colcon.colcon_core.environment:checking '/mnt/nas/projects/robot/pika_ros/install/sensor_tools' for CMake config files
[37.551s] Level 1:colcon.colcon_core.shell:create_environment_hook('sensor_tools', 'cmake_prefix_path')
[37.551s] INFO:colcon.colcon_core.shell:Creating environment hook '/mnt/nas/projects/robot/pika_ros/install/sensor_tools/share/sensor_tools/hook/cmake_prefix_path.ps1'
[37.552s] INFO:colcon.colcon_core.shell:Creating environment descriptor '/mnt/nas/projects/robot/pika_ros/install/sensor_tools/share/sensor_tools/hook/cmake_prefix_path.dsv'
[37.552s] INFO:colcon.colcon_core.shell:Creating environment hook '/mnt/nas/projects/robot/pika_ros/install/sensor_tools/share/sensor_tools/hook/cmake_prefix_path.sh'
[37.553s] Level 1:colcon.colcon_core.environment:checking '/mnt/nas/projects/robot/pika_ros/install/sensor_tools/lib'
[37.553s] Level 1:colcon.colcon_core.environment:checking '/mnt/nas/projects/robot/pika_ros/install/sensor_tools/bin'
[37.553s] Level 1:colcon.colcon_core.environment:checking '/mnt/nas/projects/robot/pika_ros/install/sensor_tools/lib/pkgconfig/sensor_tools.pc'
[37.554s] Level 1:colcon.colcon_core.environment:checking '/mnt/nas/projects/robot/pika_ros/install/sensor_tools/lib/python3.10/site-packages'
[37.554s] Level 1:colcon.colcon_core.environment:checking '/mnt/nas/projects/robot/pika_ros/install/sensor_tools/bin'
[37.554s] INFO:colcon.colcon_core.shell:Creating package script '/mnt/nas/projects/robot/pika_ros/install/sensor_tools/share/sensor_tools/package.ps1'
[37.555s] INFO:colcon.colcon_core.shell:Creating package descriptor '/mnt/nas/projects/robot/pika_ros/install/sensor_tools/share/sensor_tools/package.dsv'
[37.556s] INFO:colcon.colcon_core.shell:Creating package script '/mnt/nas/projects/robot/pika_ros/install/sensor_tools/share/sensor_tools/package.sh'
[37.557s] INFO:colcon.colcon_core.shell:Creating package script '/mnt/nas/projects/robot/pika_ros/install/sensor_tools/share/sensor_tools/package.bash'
[37.557s] INFO:colcon.colcon_core.shell:Creating package script '/mnt/nas/projects/robot/pika_ros/install/sensor_tools/share/sensor_tools/package.zsh'
[37.558s] Level 1:colcon.colcon_core.environment:create_file_with_runtime_dependencies(/mnt/nas/projects/robot/pika_ros/install/sensor_tools/share/colcon-core/packages/sensor_tools)
[61.336s] DEBUG:colcon.colcon_core.event_handler.log_command:Invoked command in '/mnt/nas/projects/robot/pika_ros/build/data_tools' returned '0': CMAKE_PREFIX_PATH=${CMAKE_PREFIX_PATH}:/mnt/nas/projects/robot/pika_ros/install/pika_remote_diana:/mnt/nas/projects/robot/pika_ros/install/piper:/opt/ros/humble /usr/bin/cmake --build /mnt/nas/projects/robot/pika_ros/build/data_tools -- -j128 -l128
[61.342s] DEBUG:colcon.colcon_core.event_handler.log_command:Invoking command in '/mnt/nas/projects/robot/pika_ros/build/data_tools': CMAKE_PREFIX_PATH=${CMAKE_PREFIX_PATH}:/mnt/nas/projects/robot/pika_ros/install/pika_remote_diana:/mnt/nas/projects/robot/pika_ros/install/piper:/opt/ros/humble /usr/bin/cmake --install /mnt/nas/projects/robot/pika_ros/build/data_tools
[61.479s] Level 1:colcon.colcon_core.environment:create_environment_scripts_only(data_tools)
[61.480s] DEBUG:colcon.colcon_core.event_handler.log_command:Invoked command in '/mnt/nas/projects/robot/pika_ros/build/data_tools' returned '0': CMAKE_PREFIX_PATH=${CMAKE_PREFIX_PATH}:/mnt/nas/projects/robot/pika_ros/install/pika_remote_diana:/mnt/nas/projects/robot/pika_ros/install/piper:/opt/ros/humble /usr/bin/cmake --install /mnt/nas/projects/robot/pika_ros/build/data_tools
[61.480s] Level 1:colcon.colcon_core.environment:checking '/mnt/nas/projects/robot/pika_ros/install/data_tools' for CMake module files
[61.482s] Level 1:colcon.colcon_core.environment:checking '/mnt/nas/projects/robot/pika_ros/install/data_tools' for CMake config files
[61.484s] Level 1:colcon.colcon_core.shell:create_environment_hook('data_tools', 'cmake_prefix_path')
[61.484s] INFO:colcon.colcon_core.shell:Creating environment hook '/mnt/nas/projects/robot/pika_ros/install/data_tools/share/data_tools/hook/cmake_prefix_path.ps1'
[61.485s] INFO:colcon.colcon_core.shell:Creating environment descriptor '/mnt/nas/projects/robot/pika_ros/install/data_tools/share/data_tools/hook/cmake_prefix_path.dsv'
[61.486s] INFO:colcon.colcon_core.shell:Creating environment hook '/mnt/nas/projects/robot/pika_ros/install/data_tools/share/data_tools/hook/cmake_prefix_path.sh'
[61.487s] Level 1:colcon.colcon_core.environment:checking '/mnt/nas/projects/robot/pika_ros/install/data_tools/lib'
[61.488s] Level 1:colcon.colcon_core.environment:checking '/mnt/nas/projects/robot/pika_ros/install/data_tools/bin'
[61.488s] Level 1:colcon.colcon_core.environment:checking '/mnt/nas/projects/robot/pika_ros/install/data_tools/lib/pkgconfig/data_tools.pc'
[61.488s] Level 1:colcon.colcon_core.environment:checking '/mnt/nas/projects/robot/pika_ros/install/data_tools/lib/python3.10/site-packages'
[61.488s] Level 1:colcon.colcon_core.environment:checking '/mnt/nas/projects/robot/pika_ros/install/data_tools/bin'
[61.489s] INFO:colcon.colcon_core.shell:Creating package script '/mnt/nas/projects/robot/pika_ros/install/data_tools/share/data_tools/package.ps1'
[61.490s] INFO:colcon.colcon_core.shell:Creating package descriptor '/mnt/nas/projects/robot/pika_ros/install/data_tools/share/data_tools/package.dsv'
[61.491s] INFO:colcon.colcon_core.shell:Creating package script '/mnt/nas/projects/robot/pika_ros/install/data_tools/share/data_tools/package.sh'
[61.492s] INFO:colcon.colcon_core.shell:Creating package script '/mnt/nas/projects/robot/pika_ros/install/data_tools/share/data_tools/package.bash'
[61.492s] INFO:colcon.colcon_core.shell:Creating package script '/mnt/nas/projects/robot/pika_ros/install/data_tools/share/data_tools/package.zsh'
[61.493s] Level 1:colcon.colcon_core.environment:create_file_with_runtime_dependencies(/mnt/nas/projects/robot/pika_ros/install/data_tools/share/colcon-core/packages/data_tools)
[61.495s] Level 1:colcon.colcon_core.environment:create_environment_scripts_only(data_tools)
[61.495s] Level 1:colcon.colcon_core.environment:checking '/mnt/nas/projects/robot/pika_ros/install/data_tools' for CMake module files
[61.495s] Level 1:colcon.colcon_core.environment:checking '/mnt/nas/projects/robot/pika_ros/install/data_tools' for CMake config files
[61.496s] Level 1:colcon.colcon_core.shell:create_environment_hook('data_tools', 'cmake_prefix_path')
[61.496s] INFO:colcon.colcon_core.shell:Creating environment hook '/mnt/nas/projects/robot/pika_ros/install/data_tools/share/data_tools/hook/cmake_prefix_path.ps1'
[61.497s] INFO:colcon.colcon_core.shell:Creating environment descriptor '/mnt/nas/projects/robot/pika_ros/install/data_tools/share/data_tools/hook/cmake_prefix_path.dsv'
[61.498s] INFO:colcon.colcon_core.shell:Creating environment hook '/mnt/nas/projects/robot/pika_ros/install/data_tools/share/data_tools/hook/cmake_prefix_path.sh'
[61.499s] Level 1:colcon.colcon_core.environment:checking '/mnt/nas/projects/robot/pika_ros/install/data_tools/lib'
[61.499s] Level 1:colcon.colcon_core.environment:checking '/mnt/nas/projects/robot/pika_ros/install/data_tools/bin'
[61.499s] Level 1:colcon.colcon_core.environment:checking '/mnt/nas/projects/robot/pika_ros/install/data_tools/lib/pkgconfig/data_tools.pc'
[61.499s] Level 1:colcon.colcon_core.environment:checking '/mnt/nas/projects/robot/pika_ros/install/data_tools/lib/python3.10/site-packages'
[61.499s] Level 1:colcon.colcon_core.environment:checking '/mnt/nas/projects/robot/pika_ros/install/data_tools/bin'
[61.500s] INFO:colcon.colcon_core.shell:Creating package script '/mnt/nas/projects/robot/pika_ros/install/data_tools/share/data_tools/package.ps1'
[61.501s] INFO:colcon.colcon_core.shell:Creating package descriptor '/mnt/nas/projects/robot/pika_ros/install/data_tools/share/data_tools/package.dsv'
[61.501s] INFO:colcon.colcon_core.shell:Creating package script '/mnt/nas/projects/robot/pika_ros/install/data_tools/share/data_tools/package.sh'
[61.502s] INFO:colcon.colcon_core.shell:Creating package script '/mnt/nas/projects/robot/pika_ros/install/data_tools/share/data_tools/package.bash'
[61.503s] INFO:colcon.colcon_core.shell:Creating package script '/mnt/nas/projects/robot/pika_ros/install/data_tools/share/data_tools/package.zsh'
[61.504s] Level 1:colcon.colcon_core.environment:create_file_with_runtime_dependencies(/mnt/nas/projects/robot/pika_ros/install/data_tools/share/colcon-core/packages/data_tools)
[61.505s] DEBUG:colcon.colcon_parallel_executor.executor.parallel:closing loop
[61.505s] DEBUG:colcon.colcon_parallel_executor.executor.parallel:loop closed
[61.505s] DEBUG:colcon.colcon_parallel_executor.executor.parallel:run_until_complete finished with '0'
[61.505s] DEBUG:colcon.colcon_core.event_reactor:joining thread
[61.516s] INFO:colcon.colcon_core.plugin_system:Skipping extension 'colcon_notification.desktop_notification.terminal_notifier': Not used on non-Darwin systems
[61.516s] INFO:colcon.colcon_core.plugin_system:Skipping extension 'colcon_notification.desktop_notification.win32': Not used on non-Windows systems
[61.516s] INFO:colcon.colcon_notification.desktop_notification:Sending desktop notification using 'notify2'
[86.519s] DEBUG:colcon.colcon_notification.desktop_notification.notify2:Failed to initialize notify2: org.freedesktop.DBus.Error.NoReply: Did not receive a reply. Possible causes include: the remote application did not send a reply, the message bus security policy blocked the reply, the reply timeout expired, or the network connection was broken.
[86.520s] DEBUG:colcon.colcon_core.event_reactor:joined thread
[86.521s] INFO:colcon.colcon_core.shell:Creating prefix script '/mnt/nas/projects/robot/pika_ros/install/local_setup.ps1'
[86.545s] INFO:colcon.colcon_core.shell:Creating prefix util module '/mnt/nas/projects/robot/pika_ros/install/_local_setup_util_ps1.py'
[86.549s] INFO:colcon.colcon_core.shell:Creating prefix chain script '/mnt/nas/projects/robot/pika_ros/install/setup.ps1'
[86.554s] INFO:colcon.colcon_core.shell:Creating prefix script '/mnt/nas/projects/robot/pika_ros/install/local_setup.sh'
[86.555s] INFO:colcon.colcon_core.shell:Creating prefix util module '/mnt/nas/projects/robot/pika_ros/install/_local_setup_util_sh.py'
[86.556s] INFO:colcon.colcon_core.shell:Creating prefix chain script '/mnt/nas/projects/robot/pika_ros/install/setup.sh'
[86.560s] INFO:colcon.colcon_core.shell:Creating prefix script '/mnt/nas/projects/robot/pika_ros/install/local_setup.bash'
[86.561s] INFO:colcon.colcon_core.shell:Creating prefix chain script '/mnt/nas/projects/robot/pika_ros/install/setup.bash'
[86.565s] INFO:colcon.colcon_core.shell:Creating prefix script '/mnt/nas/projects/robot/pika_ros/install/local_setup.zsh'
[86.566s] INFO:colcon.colcon_core.shell:Creating prefix chain script '/mnt/nas/projects/robot/pika_ros/install/setup.zsh'
